"","X","FFMC","DMC","DC","ISI","temp","RH","wind","rain","area"
"1",1.00733714494729,-0.805179637287312,-1.32204513740515,-1.82870561911413,-0.860112528747163,-1.84085723376575,0.411325968567543,1.49716437840361,-0.0731974161662176,-0.201824316752801
"2",1.00733714494729,-0.00809419453472182,-1.17839946512302,0.488417871383908,-0.509195101482229,-0.153129955008254,-0.691786268749331,-1.74007033826863,-0.0731974161662176,-0.201824316752801
"3",1.00733714494729,-0.00809419453472182,-1.04880608686848,0.560172913365231,-0.509195101482229,-0.73866799049555,-0.691786268749331,-1.51681277160158,-0.0731974161662176,-0.201824316752801
"4",1.43953075817363,0.191177166153428,-1.21118815118742,-1.89642947896167,-0.00475129978888691,-1.82363552683966,3.230390575044,-0.0098241965989853,0.602571586654042,-0.201824316752801
"5",1.43953075817363,-0.243596711711624,-0.930142270635411,-1.79685928025725,0.126842735435463,-1.28976261213065,3.35295860141254,-1.23774081326777,-0.0731974161662176,-0.201824316752801
"6",1.43953075817363,0.299870635619689,-0.399277829592736,-0.241629213044058,1.24539203484244,0.570181735887817,-0.936922321486415,0.771577286735693,-0.0731974161662176,-0.201824316752801
"7",1.43953075817363,0.299870635619689,-0.343068653482335,-0.210992228827313,-0.114412995809179,0.897394167483658,-1.05949034785496,-0.51215372159985,-0.0731974161662176,-0.201824316752801
"8",1.43953075817363,0.154946009664673,0.539103138250347,0.242918879436569,0.368098466680105,-1.87530064761795,2.55626643001702,-1.01448324660071,-0.0731974161662176,-0.201824316752801
"9",1.43953075817363,0.0643681184427876,0.290845943762742,0.583150651527791,-0.443398083870054,-0.996993594387004,1.14673412677879,0.771577286735693,-0.0731974161662176,-0.201824316752801
"10",1.00733714494729,0.336101792108444,-0.357120947509935,0.607337744330484,-0.421465744665996,0.673511977444398,-0.262798176459436,-0.0098241965989853,-0.0731974161662176,-0.201824316752801
"11",1.00733714494729,0.336101792108444,-0.357120947509935,0.607337744330484,-0.421465744665996,-0.187573368860448,0.411325968567543,1.77623633673742,-0.0731974161662176,-0.201824316752801
"12",1.00733714494729,0.390448526841575,-0.588203115963806,0.665386767056948,2.97804683196305,0.0707522350310059,-0.385366202827977,-0.0098241965989853,-0.0731974161662176,-0.201824316752801
"13",0.575143531720941,-4.91741589876091,-0.625675900037406,0.473099379275535,-1.80320311452167,-0.325347024269223,1.69829024543723,1.49716437840361,-0.0731974161662176,-0.201824316752801
"14",0.575143531720941,0.0462525401984115,0.244004963670742,0.558560440511719,-0.443398083870054,0.415186373552944,-0.140230150090894,-1.01448324660071,-0.0731974161662176,-0.201824316752801
"15",0.575143531720941,0.408564105085953,0.350177851879277,0.611368926464266,0.0391133786192297,1.29349342678389,-1.42719442696058,0.269247761734828,-0.0731974161662176,-0.201824316752801
"16",0.575143531720941,0.48102641806346,0.473525766121545,0.669014830977352,1.06993332120997,0.690733684370495,-0.0176621237223525,0.771577286735693,-0.0731974161662176,-0.201824316752801
"17",0.142949918494594,0.191177166153428,-1.17215400111075,-1.88312657792019,-0.267939370237587,-0.652559455865065,-1.05949034785496,0.771577286735693,-0.0731974161662176,-0.201824316752801
"18",1.43953075817363,-1.04068215446421,-1.21899498120275,0.468665078928375,-1.32069165203239,-0.377012145047514,0.16618991583046,0.49250532840188,-0.0731974161662176,-0.201824316752801
"19",0.575143531720941,-0.261712289956,-1.29550191535302,-1.92343839925801,-0.596924458298463,-0.51478580045629,-0.56921824238079,-0.0098241965989853,-0.0731974161662176,-0.201824316752801
"20",0.575143531720941,-0.787064059042936,-1.30330874536835,-1.81741830913954,-0.860112528747163,-1.65141845757869,-0.0176621237223525,0.269247761734828,-0.0731974161662176,-0.201824316752801
"21",0.575143531720941,0.0643681184427876,0.290845943762742,0.583150651527791,-0.443398083870054,-0.101464834229963,-0.262798176459436,-0.735411288266901,-0.0731974161662176,-0.201824316752801
"22",0.142949918494594,0.209292744397804,-0.505450717801271,0.710939125168688,0.0391133786192297,0.0363088211788122,-0.385366202827977,-0.735411288266901,-0.0731974161662176,-0.201824316752801
"23",1.00733714494729,0.662182200507231,-0.2275275692554,-1.40260966757335,10.3253804653226,0.363521252774653,-0.0176621237223525,0.269247761734828,-0.0731974161662176,-0.201824316752801
"24",1.00733714494729,-0.0805565075122286,0.000431867192337656,-0.0424888156352152,-0.618856797502521,0.1051956488832,-0.0789461369066233,0.994834853402744,-0.0731974161662176,-0.201824316752801
"25",1.00733714494729,0.517257574552215,0.445421178066345,0.186482329563617,2.47360303026971,0.82850733977927,-0.753070281933602,0.994834853402744,-0.0731974161662176,-0.201824316752801
"26",1.00733714494729,0.136830431420297,0.492262158158346,0.215506840926849,0.346166127476047,-0.445898972751902,0.962882087225981,0.771577286735693,-0.0731974161662176,-0.201824316752801
"27",1.00733714494729,0.317986213864068,0.109727487407006,0.483983571036747,0.69708355474098,0.019087114252715,-0.630502255565061,0.994834853402744,-0.0731974161662176,-0.201824316752801
"28",1.00733714494729,0.0462525401984115,0.244004963670742,0.558560440511719,-0.443398083870054,0.0879739419571025,0.227473929014731,-1.51681277160158,-0.0731974161662176,-0.201824316752801
"29",0.575143531720941,0.499141996307839,0.539103138250347,0.699248696980719,-0.202142352625412,1.94791828997557,-1.24334238740777,-0.735411288266901,-0.0731974161662176,-0.201824316752801
"30",0.575143531720941,0.517257574552215,0.599996412369948,0.728273208343952,-0.202142352625412,0.673511977444398,-0.324082189643707,-0.233081763266036,-0.0731974161662176,-0.201824316752801
"31",0.575143531720941,0.662182200507231,-0.402400561598869,0.581941296887656,1.50858010529114,1.12127635752292,-1.24334238740777,-0.233081763266036,-0.0731974161662176,-0.201824316752801
"32",0.575143531720941,-0.370405759422264,-0.297789039393401,0.652890102442223,-0.421465744665996,-1.32420602598285,2.06599432454286,1.99949390340447,-0.0731974161662176,-0.201824316752801
"33",0.575143531720941,-0.370405759422264,-0.64285092607114,0.640393437827498,-0.706586154318754,0.294634425070266,-0.446650216012248,-1.23774081326777,-0.0731974161662176,-0.201824316752801
"34",0.575143531720941,0.191177166153428,-0.550730331890205,0.686752032365994,-0.267939370237587,-0.204795075786545,-0.324082189643707,-0.233081763266036,-0.0731974161662176,-0.201824316752801
"35",0.575143531720941,0.209292744397804,-0.505450717801271,0.710939125168688,0.0391133786192297,0.397964666626847,-0.753070281933602,-0.735411288266901,-0.0731974161662176,-0.201824316752801
"36",0.575143531720941,-0.0624409292678526,-0.471100665733804,0.734723099758003,-0.596924458298463,-0.118686541156061,1.08545011359452,0.269247761734828,-0.0731974161662176,-0.201824316752801
"37",0.575143531720941,-0.00809419453472182,-1.17839946512302,0.488417871383908,-0.509195101482229,0.484073201257332,-1.24334238740777,0.269247761734828,-0.0731974161662176,-0.201824316752801
"38",1.00733714494729,-0.116787664000983,-1.08315613893595,0.542838830189968,-0.0705483174010621,-1.30698431905675,0.962882087225981,0.771577286735693,-0.0731974161662176,-0.201824316752801
"39",1.00733714494729,-0.00809419453472182,-1.04880608686848,0.560172913365231,-0.509195101482229,-0.187573368860448,-1.05949034785496,-0.0098241965989853,-0.0731974161662176,-0.201824316752801
"40",-0.289243694731752,-0.460983650644149,-1.32985196742048,-1.93633818208612,-1.14523293839992,-0.824776525126034,-0.0789461369066233,-0.735411288266901,-0.0731974161662176,-0.201824316752801
"41",-0.289243694731752,-2.01892337966058,-0.784935232350209,-0.730611605871846,-1.64967674009326,0.759620512074883,-0.446650216012248,-0.51215372159985,-0.0731974161662176,-0.201824316752801
"42",-0.289243694731752,-0.0805565075122286,-0.218159373236999,0.307417793577085,-0.0266836389929452,-0.0842431273038668,-0.140230150090894,1.49716437840361,-0.0731974161662176,-0.201824316752801
"43",-0.289243694731752,0.752760091729117,-0.0401636488873965,0.399731864440698,1.74983583653578,-0.394233851973611,0.595178008120356,0.771577286735693,-0.0731974161662176,-0.201824316752801
"44",-0.289243694731752,0.336101792108444,-0.357120947509935,0.607337744330484,-0.421465744665996,0.122417355809297,0.227473929014731,-0.735411288266901,-0.0731974161662176,-0.201824316752801
"45",-0.289243694731752,-0.0986720857566073,-0.436750613666336,0.756894601493806,-0.618856797502521,-1.0314370082392,1.82085827180577,0.49250532840188,-0.0731974161662176,-0.201824316752801
"46",0.142949918494594,0.662182200507231,-0.402400561598869,0.581941296887656,1.50858010529114,1.2073848921534,-1.24334238740777,-0.0098241965989853,-0.0731974161662176,-0.201824316752801
"47",0.142949918494594,0.0462525401984115,0.244004963670742,0.558560440511719,-0.443398083870054,-0.721446283569453,1.57572221906869,-0.233081763266036,-0.0731974161662176,-0.201824316752801
"48",0.575143531720941,0.644066622262855,-0.758392010298075,-0.423435527277638,0.43389548429228,0.707955391296592,-0.507934229196519,-0.51215372159985,-0.0731974161662176,-0.201824316752801
"49",-0.289243694731752,-0.624023854843541,-1.35795655547568,-1.94802861027409,-1.07943592078775,-1.22087578442626,-0.56921824238079,-1.23774081326777,-0.0731974161662176,-0.201824316752801
"50",-0.289243694731752,-0.551561541866035,-0.916089976607811,-1.7904093888432,-0.882044867951221,-1.35864943983504,0.104905902646189,0.994834853402744,-0.0731974161662176,-0.201824316752801
"51",-0.289243694731752,0.408564105085953,0.407948393992744,0.638780964973985,0.0391133786192297,0.32907783892246,-1.67233047969766,-1.51681277160158,-0.0731974161662176,-0.201824316752801
"52",-0.289243694731752,-0.0805565075122286,-0.176002491154199,0.33563606851356,-0.596924458298463,0.449629787405138,-0.630502255565061,-1.01448324660071,-0.0731974161662176,-0.201824316752801
"53",-0.289243694731752,0.263639479130935,0.00511596520153769,0.427950139377174,0.126842735435463,0.260191011218072,-0.140230150090894,0.49250532840188,-0.0731974161662176,-0.201824316752801
"54",-0.289243694731752,0.263639479130935,0.00511596520153769,0.427950139377174,0.126842735435463,0.260191011218072,-0.140230150090894,0.49250532840188,-0.0731974161662176,-0.201824316752801
"55",-0.289243694731752,0.191177166153428,0.0535183112966051,0.456974650740406,-0.596924458298463,-0.222016782712642,0.0436218894619183,-0.233081763266036,-0.0731974161662176,-0.201824316752801
"56",-0.289243694731752,0.408564105085953,0.407948393992744,0.638780964973985,0.0391133786192297,1.51737561682315,-1.24334238740777,-1.01448324660071,-0.0731974161662176,-0.201824316752801
"57",-0.289243694731752,-0.0624409292678526,-0.471100665733804,0.734723099758003,-0.596924458298463,-0.187573368860448,1.14673412677879,0.49250532840188,-0.0731974161662176,-0.201824316752801
"58",-0.289243694731752,0.35421737035282,-1.00508783878261,0.579925705820764,-0.0486159781970035,-0.876441645904325,0.350041955383272,-0.735411288266901,-0.0731974161662176,-0.201824316752801
"59",-1.15363092118445,-1.20372235866361,-1.58591599192342,-2.0717859017812,-1.51808270486891,-0.859219938978228,-0.262798176459436,0.771577286735693,-0.0731974161662176,-0.201824316752801
"60",-1.15363092118445,-0.732717324309806,-1.52502271780382,-2.03550526257716,-0.816247850339046,-1.13476724979578,0.411325968567543,-1.74007033826863,-0.0731974161662176,-0.201824316752801
"61",-1.15363092118445,-0.243596711711624,-0.930142270635411,-1.79685928025725,0.126842735435463,-1.27254090520455,-0.324082189643707,0.994834853402744,-0.0731974161662176,-0.201824316752801
"62",-1.15363092118445,-0.243596711711624,-0.930142270635411,-1.79685928025725,0.126842735435463,-2.30584332077037,0.90159807404171,1.27390681173656,-0.0731974161662176,-0.201824316752801
"63",-1.15363092118445,0.426679683330329,-0.555414429899405,-0.327896510706998,-0.289871709441646,-0.0153562995994787,-0.56921824238079,0.49250532840188,-0.0731974161662176,-0.201824316752801
"64",-1.15363092118445,-0.0805565075122286,-0.176002491154199,0.33563606851356,-0.596924458298463,0.32907783892246,-0.691786268749331,-0.735411288266901,-0.0731974161662176,-0.201824316752801
"65",-1.15363092118445,0.0824836966871636,-0.119793315043798,0.366273052730305,-0.706586154318754,0.725177098222689,-0.814354295117873,-0.51215372159985,-0.0731974161662176,-0.201824316752801
"66",-1.15363092118445,0.191177166153428,0.0535183112966051,0.456974650740406,-0.596924458298463,-0.0497997134516724,-0.0176621237223525,0.269247761734828,-0.0731974161662176,-0.201824316752801
"67",-1.15363092118445,0.317986213864068,0.109727487407006,0.483983571036747,0.69708355474098,0.707955391296592,-0.446650216012248,0.269247761734828,-0.0731974161662176,-0.201824316752801
"68",-1.15363092118445,0.317986213864068,0.109727487407006,0.483983571036747,0.69708355474098,0.122417355809297,-0.691786268749331,0.771577286735693,-0.0731974161662176,-0.201824316752801
"69",-1.15363092118445,0.317986213864068,0.109727487407006,0.483983571036747,0.69708355474098,0.122417355809297,-0.691786268749331,1.27390681173656,-0.0731974161662176,-0.201824316752801
"70",-0.289243694731752,0.191177166153428,-1.21118815118742,-1.89642947896167,-0.00475129978888691,-0.29090361041703,-1.12077436103923,0.269247761734828,-0.0731974161662176,-0.201824316752801
"71",-0.289243694731752,0.100599274931542,-0.976983250727412,-1.81459648164589,0.762880572353156,-0.532007507382386,-1.05949034785496,1.99949390340447,-0.0731974161662176,-0.201824316752801
"72",-0.289243694731752,0.662182200507231,-0.402400561598869,0.581941296887656,1.50858010529114,-0.204795075786545,-0.446650216012248,-0.233081763266036,-0.0731974161662176,-0.201824316752801
"73",0.142949918494594,0.191177166153428,-1.21118815118742,-1.89642947896167,-0.00475129978888691,-0.566450921234581,-1.1820583742235,1.27390681173656,-0.0731974161662176,-0.201824316752801
"74",0.142949918494594,-0.334174602933509,0.568769092308614,0.268315326879397,-0.00475129978888691,-0.273681903490933,-0.0789461369066233,0.269247761734828,-0.0731974161662176,-0.201824316752801
"75",0.142949918494594,0.48102641806346,0.473525766121545,0.669014830977352,1.06993332120997,1.50015390989705,-0.875638308302144,-1.51681277160158,-0.0731974161662176,-0.201824316752801
"76",1.87172437139998,-1.16749120217485,-1.62495014200009,-2.10161664957119,-0.289871709441646,-2.09918283765721,2.12727833772713,-0.51215372159985,-0.0731974161662176,-0.201824316752801
"77",1.87172437139998,-0.732717324309806,-1.52502271780382,-2.03550526257716,-0.816247850339046,-0.549229214308484,-0.0789461369066233,-0.51215372159985,-0.0731974161662176,-0.201824316752801
"78",-1.58582453441079,-0.551561541866035,-0.916089976607811,-1.7904093888432,-0.882044867951221,-1.82363552683966,1.69829024543723,-0.51215372159985,-0.0731974161662176,-0.201824316752801
"79",-1.58582453441079,-0.0986720857566073,-0.0448477468965965,-0.0731257998519604,0.762880572353156,-0.721446283569453,1.33058616633161,-0.735411288266901,-0.0731974161662176,-0.201824316752801
"80",-1.58582453441079,0.0643681184427876,0.161252565508207,0.0550657920023155,-0.443398083870054,0.466851494331235,-1.54976245332912,1.49716437840361,-0.0731974161662176,-0.201824316752801
"81",-1.58582453441079,0.136830431420297,0.492262158158346,0.215506840926849,0.346166127476047,0.1051956488832,-0.324082189643707,1.27390681173656,-0.0731974161662176,-0.201824316752801
"82",-1.58582453441079,-0.0805565075122286,-0.176002491154199,0.33563606851356,-0.596924458298463,-0.170351661934351,-0.0176621237223525,-1.01448324660071,-0.0731974161662176,-0.201824316752801
"83",-1.58582453441079,0.752760091729117,-0.0401636488873965,0.399731864440698,1.74983583653578,-0.0497997134516724,0.411325968567543,0.269247761734828,-0.0731974161662176,-0.201824316752801
"84",-1.58582453441079,0.263639479130935,0.00511596520153769,0.427950139377174,0.126842735435463,-0.394233851973611,0.16618991583046,-1.74007033826863,-0.0731974161662176,-0.201824316752801
"85",-1.58582453441079,0.191177166153428,0.0535183112966051,0.456974650740406,-0.596924458298463,0.225747597365878,0.0436218894619183,-0.233081763266036,-0.0731974161662176,-0.201824316752801
"86",-1.58582453441079,0.408564105085953,0.407948393992744,0.638780964973985,0.0391133786192297,0.449629787405138,-1.79489850606621,-1.74007033826863,-0.0731974161662176,-0.201824316752801
"87",-1.58582453441079,0.408564105085953,0.407948393992744,0.638780964973985,0.0391133786192297,1.12127635752292,-1.05949034785496,-1.01448324660071,-0.0731974161662176,-0.201824316752801
"88",-1.58582453441079,0.408564105085953,0.407948393992744,0.638780964973985,0.0391133786192297,0.60462514974001,-0.630502255565061,-1.01448324660071,-0.0731974161662176,-0.201824316752801
"89",-1.58582453441079,0.517257574552215,0.599996412369948,0.728273208343952,-0.202142352625412,1.10405465059682,-0.507934229196519,-0.233081763266036,-0.0731974161662176,-0.201824316752801
"90",0.575143531720941,0.191177166153428,-1.17215400111075,-1.88312657792019,-0.267939370237587,-0.256460196564836,-1.1820583742235,0.49250532840188,-0.0731974161662176,-0.201824316752801
"91",0.575143531720941,-0.0805565075122286,-0.218159373236999,0.307417793577085,-0.0266836389929452,-0.721446283569453,0.90159807404171,0.994834853402744,-0.0731974161662176,-0.201824316752801
"92",1.43953075817363,0.191177166153428,-1.17215400111075,-1.88312657792019,-0.267939370237587,-0.256460196564836,-1.24334238740777,0.771577286735693,-0.0731974161662176,-0.201824316752801
"93",1.43953075817363,0.299870635619689,-0.399277829592736,-0.241629213044058,1.24539203484244,0.32907783892246,-0.753070281933602,1.27390681173656,-0.0731974161662176,-0.201824316752801
"94",1.43953075817363,0.136830431420297,0.492262158158346,0.215506840926849,0.346166127476047,-0.118686541156061,-0.0789461369066233,0.49250532840188,-0.0731974161662176,-0.201824316752801
"95",1.43953075817363,0.0824836966871636,-0.119793315043798,0.366273052730305,-0.706586154318754,0.776842219000979,-1.36591041377631,-0.735411288266901,-0.0731974161662176,-0.201824316752801
"96",-0.289243694731752,-0.171134398734114,-0.325893627448601,0.630718600706421,-0.925909546359338,-0.187573368860448,1.20801813996306,-1.51681277160158,-0.0731974161662176,-0.201824316752801
"97",-0.721437307958099,-1.22183793690799,-1.60621374996329,-2.08710439388957,-1.40842100884862,-1.06588042209139,0.227473929014731,-1.23774081326777,-0.0731974161662176,-0.201824316752801
"98",-0.721437307958099,-3.92105909532017,-1.69365024613502,-2.14636277125617,-1.82513545372573,-0.256460196564836,-1.24334238740777,0.771577286735693,-0.0731974161662176,-0.201824316752801
"99",-0.721437307958099,0.136830431420297,0.492262158158346,0.215506840926849,0.346166127476047,-1.25531919827846,2.61755044320129,0.269247761734828,-0.0731974161662176,-0.201824316752801
"100",-0.721437307958099,0.136830431420297,0.492262158158346,0.215506840926849,0.346166127476047,0.156860769661491,-0.324082189643707,0.771577286735693,-0.0731974161662176,-0.201824316752801
"101",-0.721437307958099,0.136830431420297,0.492262158158346,0.215506840926849,0.346166127476047,0.156860769661491,-0.324082189643707,0.771577286735693,-0.0731974161662176,-0.201824316752801
"102",-0.721437307958099,-0.334174602933509,0.568769092308614,0.268315326879397,-0.00475129978888691,-0.773111404347743,1.33058616633161,0.771577286735693,-0.0731974161662176,-0.201824316752801
"103",-1.15363092118445,0.752760091729117,-0.0401636488873965,0.399731864440698,1.74983583653578,0.208525890439781,-0.262798176459436,-0.0098241965989853,-0.0731974161662176,-0.201824316752801
"104",-1.15363092118445,0.336101792108444,0.15969119950514,0.509783136692953,-0.0924806566051204,0.897394167483658,-0.936922321486415,0.269247761734828,-0.0731974161662176,-0.201824316752801
"105",-1.15363092118445,-1.54791834530677,-1.67335248809516,-2.17135610048562,-1.34262399123645,-2.34028673462256,2.06599432454286,-0.51215372159985,-0.0731974161662176,-0.201824316752801
"106",-0.289243694731752,-0.859526372020443,-1.42665665961062,-1.97785935806407,-1.36455633044051,-1.06588042209139,0.472609981751814,1.27390681173656,-0.0731974161662176,-0.201824316752801
"107",-0.289243694731752,0.136830431420297,-1.25178366726715,-1.90932926178978,-0.333736387849762,-0.118686541156061,-0.936922321486415,-0.51215372159985,-0.0731974161662176,-0.201824316752801
"108",-0.289243694731752,-0.0805565075122286,-0.176002491154199,0.33563606851356,-0.596924458298463,0.432408080479041,-0.691786268749331,-0.51215372159985,-0.0731974161662176,-0.201824316752801
"109",-0.289243694731752,0.336101792108444,-0.357120947509935,0.607337744330484,-0.421465744665996,0.242969304291975,0.0436218894619183,-0.51215372159985,-0.0731974161662176,-0.201824316752801
"110",-0.289243694731752,-0.370405759422264,-0.297789039393401,0.652890102442223,-0.421465744665996,-0.256460196564836,0.717746034488897,0.771577286735693,-0.0731974161662176,-0.201824316752801
"111",-0.289243694731752,-0.859526372020443,-1.42665665961062,-1.97785935806407,-1.36455633044051,-0.893663352830422,-0.0789461369066233,0.994834853402744,-0.0731974161662176,-0.201824316752801
"112",-0.721437307958099,0.191177166153428,-1.21118815118742,-1.89642947896167,-0.00475129978888691,-0.0153562995994787,-1.61104646651339,0.269247761734828,-0.0731974161662176,-0.201824316752801
"113",-0.721437307958099,-0.171134398734114,-0.325893627448601,0.630718600706421,-0.925909546359338,0.673511977444398,-0.324082189643707,-0.233081763266036,-0.0731974161662176,-0.201824316752801
"114",-0.721437307958099,0.209292744397804,-0.505450717801271,0.710939125168688,0.0391133786192297,0.00186540732661784,-0.56921824238079,-0.735411288266901,-0.0731974161662176,-0.201824316752801
"115",-0.721437307958099,-0.460983650644149,-1.32985196742048,-1.93633818208612,-1.14523293839992,-0.532007507382386,-1.05949034785496,1.99949390340447,-0.0731974161662176,-0.201824316752801
"116",-0.721437307958099,-0.460983650644149,-1.32985196742048,-1.93633818208612,-1.14523293839992,-0.583672628160677,-1.05949034785496,1.27390681173656,-0.0731974161662176,-0.201824316752801
"117",-0.721437307958099,0.191177166153428,-1.17215400111075,-1.88312657792019,-0.267939370237587,-1.25531919827846,-0.875638308302144,1.27390681173656,-0.0731974161662176,-0.201824316752801
"118",-0.721437307958099,0.191177166153428,-1.17215400111075,-1.88312657792019,-0.267939370237587,-0.635337748938968,-1.05949034785496,0.49250532840188,-0.0731974161662176,-0.201824316752801
"119",-0.721437307958099,-0.0986720857566073,-1.11126072699115,-1.85974572154425,-0.618856797502521,-1.42753626753943,-0.875638308302144,-0.0098241965989853,-0.0731974161662176,-0.201824316752801
"120",-0.721437307958099,0.426679683330329,-0.555414429899405,-0.327896510706998,-0.289871709441646,0.122417355809297,-0.507934229196519,-0.51215372159985,-0.0731974161662176,-0.201824316752801
"121",-0.721437307958099,0.154946009664673,0.539103138250347,0.242918879436569,0.368098466680105,-1.47920138831772,1.82085827180577,-1.01448324660071,-0.0731974161662176,-0.201824316752801
"122",-0.721437307958099,0.154946009664673,0.539103138250347,0.242918879436569,0.368098466680105,-0.308125317343126,-0.0789461369066233,0.771577286735693,-0.0731974161662176,-0.201824316752801
"123",-0.721437307958099,0.317986213864068,0.206532179597141,0.535179584135782,-0.114412995809179,0.621846856666107,-0.140230150090894,0.771577286735693,-0.0731974161662176,-0.201824316752801
"124",-0.721437307958099,-1.1312600456861,-0.585080383957672,0.499705181358498,-1.27682697362427,-0.170351661934351,0.0436218894619183,-0.51215372159985,-0.0731974161662176,-0.201824316752801
"125",-0.721437307958099,0.662182200507231,-0.402400561598869,0.581941296887656,1.50858010529114,0.156860769661491,0.350041955383272,0.771577286735693,-0.0731974161662176,-0.201824316752801
"126",-0.721437307958099,0.35421737035282,-1.00508783878261,0.579925705820764,-0.0486159781970035,0.294634425070266,-1.24334238740777,0.771577286735693,-0.0731974161662176,-0.201824316752801
"127",-0.721437307958099,-0.551561541866035,-0.916089976607811,-1.7904093888432,-0.882044867951221,-1.70308357835698,0.288757942199002,-1.01448324660071,-0.0731974161662176,-0.201824316752801
"128",-0.721437307958099,0.517257574552215,0.599996412369948,0.728273208343952,-0.202142352625412,-0.29090361041703,-0.0789461369066233,-0.51215372159985,-0.0731974161662176,-0.201824316752801
"129",-0.721437307958099,0.136830431420297,-1.13936531504635,0.507364427412684,-0.838180189543104,-0.51478580045629,0.104905902646189,-0.233081763266036,-0.0731974161662176,-0.201824316752801
"130",-1.15363092118445,0.35421737035282,-1.00508783878261,0.579925705820764,-0.0486159781970035,-0.600894335086774,-0.56921824238079,-1.74007033826863,-0.0731974161662176,-0.201824316752801
"131",-0.289243694731752,-4.06598372127519,-1.39542933954929,-1.85732701226399,-1.80320311452167,-0.600894335086774,-0.262798176459436,-0.735411288266901,-0.0731974161662176,-0.201824316752801
"132",-0.289243694731752,-0.624023854843541,-1.35795655547568,-1.94802861027409,-1.07943592078775,-0.841998232052131,-0.324082189643707,-0.51215372159985,-0.0731974161662176,-0.201824316752801
"133",-0.289243694731752,-0.243596711711624,-0.930142270635411,-1.79685928025725,0.126842735435463,-1.42753626753943,0.104905902646189,0.49250532840188,-0.0731974161662176,-0.201824316752801
"134",-0.289243694731752,0.55348873104097,-0.46797793372767,0.553319903737802,1.94722688937231,-0.222016782712642,-0.140230150090894,-0.51215372159985,-0.0731974161662176,-0.201824316752801
"135",-0.721437307958099,-0.460983650644149,-1.32985196742048,-1.93633818208612,-1.14523293839992,-0.687002869717259,-0.385366202827977,-0.735411288266901,-0.0731974161662176,-0.201824316752801
"136",-0.721437307958099,0.517257574552215,0.445421178066345,0.186482329563617,2.47360303026971,-0.222016782712642,0.472609981751814,0.994834853402744,-0.0731974161662176,-0.201824316752801
"137",-0.721437307958099,0.317986213864068,0.206532179597141,0.535179584135782,-0.114412995809179,-0.29090361041703,0.840314060857439,-1.51681277160158,-0.0731974161662176,-0.201824316752801
"138",-0.721437307958099,0.0462525401984115,0.244004963670742,0.558560440511719,-0.443398083870054,-0.566450921234581,1.33058616633161,-0.51215372159985,-0.0731974161662176,-0.201824316752801
"139",1.87172437139998,-0.877641950264822,-0.976983250727412,-0.94547361360244,-1.12330059919586,-0.153129955008254,-0.140230150090894,-0.735411288266901,-0.0731974161662176,-0.196168902861904
"140",-1.58582453441079,0.0643681184427876,0.290845943762742,0.583150651527791,-0.443398083870054,0.484073201257332,-0.385366202827977,-1.01448324660071,-0.0731974161662176,-0.195069239049785
"141",-1.15363092118445,0.0462525401984115,0.244004963670742,0.558560440511719,-0.443398083870054,0.518516615109526,-0.324082189643707,-1.23774081326777,-0.0731974161662176,-0.194440859728574
"142",-1.58582453441079,0.879569139439757,-0.171318393144999,-0.139640305059368,0.916406946781564,0.759620512074883,-0.814354295117873,0.269247761734828,-0.0731974161662176,-0.193184101086153
"143",1.43953075817363,-0.0986720857566073,-0.0448477468965965,-0.0731257998519604,0.762880572353156,0.397964666626847,0.411325968567543,2.72508099507239,-0.0731974161662176,-0.192241532104337
"144",-1.58582453441079,-0.116787664000983,-0.930142270635411,-1.01440682809012,-0.0705483174010621,-0.394233851973611,0.533893994936085,0.771577286735693,-0.0731974161662176,-0.19067058380131
"145",-1.15363092118445,0.879569139439757,-0.171318393144999,-0.139640305059368,0.916406946781564,0.845729046705368,-0.753070281933602,0.771577286735693,-0.0731974161662176,-0.189728014819494
"146",0.575143531720941,0.825222404706626,0.325195995830209,0.12440212470337,0.30230144906793,1.46571049604486,-1.36591041377631,-0.0098241965989853,-0.0731974161662176,-0.187685782025559
"147",0.142949918494594,-0.0986720857566073,-1.11126072699115,-1.85974572154425,-0.618856797502521,-0.979771887460907,-0.262798176459436,0.771577286735693,-0.0731974161662176,-0.186900307874045
"148",1.43953075817363,-1.1312600456861,-0.585080383957672,0.499705181358498,-1.27682697362427,0.914615874409755,-0.998206334670686,-0.233081763266036,-0.0731974161662176,-0.186743213043743
"149",-1.15363092118445,0.752760091729117,-0.0401636488873965,0.399731864440698,1.74983583653578,-0.256460196564836,-0.0789461369066233,1.49716437840361,-0.0731974161662176,-0.185015169910413
"150",1.43953075817363,0.55348873104097,-0.46797793372767,0.553319903737802,1.94722688937231,0.82850733977927,-1.1820583742235,0.269247761734828,-0.0731974161662176,-0.1842296957589
"151",0.575143531720941,0.336101792108444,-0.85051260447901,-0.462134875761948,-0.421465744665996,0.742398805148786,-0.324082189643707,0.771577286735693,-0.0731974161662176,-0.183130031946781
"152",1.87172437139998,-0.0986720857566073,-0.660025952104874,-0.776970200410342,-0.399533405461937,1.01794611596634,-0.936922321486415,-1.01448324660071,-0.0731974161662176,-0.180459419831635
"153",-0.721437307958099,-0.0986720857566073,-0.931703636638478,-0.499221751392744,-0.618856797502521,0.983502702114143,-0.0789461369066233,-1.23774081326777,-0.0731974161662176,-0.179359756019516
"154",0.142949918494594,0.662182200507231,-0.402400561598869,0.581941296887656,1.50858010529114,0.208525890439781,0.16618991583046,0.49250532840188,-0.0731974161662176,-0.178888471528608
"155",-1.58582453441079,0.499141996307839,0.539103138250347,0.699248696980719,-0.202142352625412,1.84458804841899,-1.05949034785496,-0.735411288266901,-0.0731974161662176,-0.178888471528608
"156",1.00733714494729,0.752760091729117,-0.0401636488873965,0.399731864440698,1.74983583653578,-0.428677265825805,0.16618991583046,-1.51681277160158,-0.0731974161662176,-0.177317523225581
"157",-1.15363092118445,0.499141996307839,0.539103138250347,0.699248696980719,-0.202142352625412,1.67237097915802,-1.05949034785496,-1.01448324660071,-0.0731974161662176,-0.176532049074068
"158",-1.15363092118445,0.263639479130935,0.00511596520153769,0.427950139377174,0.126842735435463,-0.0842431273038668,0.0436218894619183,-0.233081763266036,-0.0731974161662176,-0.176217859413462
"159",-1.15363092118445,0.263639479130935,0.00511596520153769,0.427950139377174,0.126842735435463,0.277412718144169,-0.56921824238079,-0.0098241965989853,-0.0731974161662176,-0.17606076458316
"160",1.00733714494729,0.317986213864068,0.109727487407006,0.483983571036747,0.69708355474098,0.019087114252715,-0.630502255565061,0.994834853402744,-0.0731974161662176,-0.175275290431646
"161",1.00733714494729,-0.0986720857566073,-1.11126072699115,-1.85974572154425,-0.618856797502521,-0.480342386604096,-0.936922321486415,-0.51215372159985,-0.0731974161662176,-0.17433272144983
"162",0.575143531720941,0.825222404706626,0.325195995830209,0.12440212470337,0.30230144906793,0.242969304291975,-0.201514163275165,-0.0098241965989853,-0.0731974161662176,-0.17197629899529
"163",0.575143531720941,-0.00809419453472182,-0.948878662672212,-1.80411540809806,-0.267939370237587,-0.635337748938968,-0.814354295117873,2.50182342840534,-0.0731974161662176,-0.171347919674079
"164",1.43953075817363,0.336101792108444,0.15969119950514,0.509783136692953,-0.0924806566051204,-0.187573368860448,0.717746034488897,-1.23774081326777,-0.0731974161662176,-0.171190824843776
"165",1.43953075817363,-0.171134398734114,-0.325893627448601,0.630718600706421,-0.925909546359338,-0.187573368860448,1.39187017951588,-1.01448324660071,-0.0731974161662176,-0.17024825586196
"166",0.575143531720941,-1.04068215446421,-1.44695441765049,-1.98713107697177,-1.32069165203239,-2.34028673462256,1.57572221906869,0.269247761734828,-0.0731974161662176,-0.168206023068025
"167",0.575143531720941,0.263639479130935,0.00511596520153769,0.427950139377174,0.126842735435463,-0.394233851973611,0.16618991583046,-1.74007033826863,-0.0731974161662176,-0.165849600613485
"168",0.575143531720941,0.970147030661642,0.253373159689142,0.0909433129929774,1.64017414051549,0.776842219000979,-0.691786268749331,0.269247761734828,-0.0731974161662176,-0.162393514346826
"169",0.575143531720941,0.100599274931542,-0.976983250727412,-1.81459648164589,0.762880572353156,-0.73866799049555,-1.12077436103923,3.0041529534062,-0.0731974161662176,-0.16207932468622
"170",1.43953075817363,0.825222404706626,0.325195995830209,0.12440212470337,0.30230144906793,0.311856131996363,0.0436218894619183,-1.01448324660071,-0.0731974161662176,-0.161765135025615
"171",0.142949918494594,0.408564105085953,0.350177851879277,0.611368926464266,0.0391133786192297,0.518516615109526,-0.56921824238079,-1.23774081326777,-0.0731974161662176,-0.16145094536501
"172",1.43953075817363,-0.913873106753576,-0.319648163436334,0.248562534423864,-0.531127440686288,-0.256460196564836,0.350041955383272,-0.0098241965989853,-0.0731974161662176,-0.159565807401377
"173",1.00733714494729,0.136830431420297,0.492262158158346,0.215506840926849,0.346166127476047,0.208525890439781,-0.324082189643707,0.771577286735693,-0.0731974161662176,-0.158780333249864
"174",-0.289243694731752,0.0462525401984115,0.244004963670742,0.558560440511719,-0.443398083870054,-0.204795075786545,-0.324082189643707,-1.01448324660071,-0.0731974161662176,-0.153596203849875
"175",-1.58582453441079,-0.0805565075122286,-0.218159373236999,0.307417793577085,-0.0266836389929452,-0.807554818199937,0.533893994936085,-1.23774081326777,-0.0731974161662176,-0.146841126146859
"176",-1.58582453441079,-0.0805565075122286,-0.218159373236999,0.307417793577085,-0.0266836389929452,0.242969304291975,-0.324082189643707,0.49250532840188,-0.0731974161662176,-0.130660358625682
"177",0.575143531720941,-1.65661181477304,-1.58903872392956,-1.98632484054502,-1.38648866964456,-2.25417819999208,0.595178008120356,0.994834853402744,-0.0731974161662176,-0.129403599983261
"178",-1.15363092118445,-0.0805565075122286,-0.176002491154199,0.33563606851356,-0.596924458298463,0.0535305281049087,-0.0176621237223525,-0.735411288266901,-0.0731974161662176,-0.128146841340839
"179",-1.15363092118445,-0.0986720857566073,-0.436750613666336,0.756894601493806,-0.618856797502521,-0.101464834229963,0.0436218894619183,-1.01448324660071,-0.0731974161662176,-0.125162039565088
"180",1.43953075817363,-0.334174602933509,0.568769092308614,0.268315326879397,-0.00475129978888691,-0.773111404347743,1.33058616633161,0.771577286735693,-0.0731974161662176,-0.119663720504494
"181",-1.58582453441079,0.317986213864068,0.206532179597141,0.535179584135782,-0.114412995809179,0.862950753631464,-0.753070281933602,1.49716437840361,-0.0731974161662176,-0.118092772201467
"182",1.43953075817363,-1.04068215446421,-1.21899498120275,0.468665078928375,-1.32069165203239,0.0363088211788122,-0.753070281933602,-0.0098241965989853,-0.0731974161662176,-0.116364729068138
"183",0.142949918494594,-0.696486167821051,-1.48754993373022,-2.01413999726811,-1.12330059919586,-1.11754554286968,0.533893994936085,-1.01448324660071,-0.0731974161662176,-0.101597815019685
"184",1.00733714494729,0.191177166153428,-0.973860518721279,0.597259788996028,0.455827823496339,-0.359790438121417,0.0436218894619183,0.269247761734828,-0.0731974161662176,-0.0945285476560638
"185",1.43953075817363,0.589719887529724,0.387650635952877,0.15624846356025,1.33312139165867,0.32907783892246,-0.630502255565061,0.49250532840188,-0.0731974161662176,-0.0924863148621288
"186",-1.15363092118445,0.0643681184427876,0.290845943762742,0.583150651527791,-0.443398083870054,-0.222016782712642,0.104905902646189,-0.51215372159985,-0.0731974161662176,-0.0912295562197073
"187",1.43953075817363,-0.243596711711624,-0.930142270635411,-1.79685928025725,0.126842735435463,-1.27254090520455,-0.324082189643707,0.994834853402744,-0.0731974161662176,-0.0888731337651669
"188",-1.58582453441079,0.0462525401984115,0.244004963670742,0.558560440511719,-0.443398083870054,0.363521252774653,-0.140230150090894,-1.01448324660071,-0.0731974161662176,-0.0871450906318374
"189",0.575143531720941,0.0281369619540329,-1.07691067492368,-1.84845841156966,-0.246007031033529,-0.96255018053481,-0.140230150090894,-1.74007033826863,-0.0731974161662176,-0.0855741423288105
"190",1.00733714494729,0.0100213837096568,-1.04412198885928,-1.83636486516832,-0.772383171930929,-1.27254090520455,0.962882087225981,-0.0098241965989853,-0.0731974161662176,-0.0723781765833845
"191",0.575143531720941,0.100599274931542,-0.976983250727412,-1.81459648164589,0.762880572353156,-1.23809749135236,-0.691786268749331,-0.0098241965989853,-0.0731974161662176,-0.0712785127712657
"192",-1.15363092118445,0.825222404706626,0.325195995830209,0.12440212470337,0.30230144906793,0.914615874409755,-0.998206334670686,-0.735411288266901,-0.0731974161662176,-0.0654660040500662
"193",-1.15363092118445,0.752760091729117,-0.0401636488873965,0.399731864440698,1.74983583653578,0.983502702114143,-1.36591041377631,0.269247761734828,-0.0731974161662176,-0.0649947195591581
"194",-0.289243694731752,0.408564105085953,0.350177851879277,0.611368926464266,0.0391133786192297,0.931837581335852,-1.1820583742235,-0.0098241965989853,-0.0731974161662176,-0.0539980814379698
"195",-1.15363092118445,0.752760091729117,-0.0401636488873965,0.399731864440698,1.74983583653578,0.983502702114143,-1.36591041377631,0.269247761734828,-0.0731974161662176,-0.0445723916198084
"196",-1.15363092118445,0.589719887529724,0.387650635952877,0.15624846356025,1.33312139165867,0.794063925927077,-0.507934229196519,0.771577286735693,-0.0731974161662176,-0.0444152967895057
"197",0.575143531720941,-1.65661181477304,-1.58903872392956,-1.98632484054502,-1.38648866964456,-2.25417819999208,0.595178008120356,0.994834853402744,-0.0731974161662176,-0.030119667231961
"198",-0.289243694731752,0.408564105085953,0.407948393992744,0.638780964973985,0.0391133786192297,0.449629787405138,-1.79489850606621,-1.74007033826863,-0.0731974161662176,-0.028077434438026
"199",-0.721437307958099,0.0643681184427876,0.290845943762742,0.583150651527791,-0.443398083870054,-0.859219938978228,0.90159807404171,1.27390681173656,-0.0731974161662176,-0.0252497274925776
"200",-1.15363092118445,-4.91741589876091,-0.625675900037406,0.473099379275535,-1.80320311452167,0.639068563592205,-0.385366202827977,-0.233081763266036,-0.0731974161662176,-0.0239929688501561
"201",-1.58582453441079,0.0643681184427876,0.290845943762742,0.583150651527791,-0.443398083870054,0.466851494331235,-0.691786268749331,-1.01448324660071,-0.0731974161662176,-0.0206939774137996
"202",0.575143531720941,-0.0986720857566073,-1.14404941305555,-1.87143614973222,-0.399533405461937,-1.11754554286968,0.595178008120356,-0.233081763266036,-0.0731974161662176,-0.0117395720865463
"203",1.00733714494729,-1.22183793690799,-1.59528418794182,-2.07944514783539,-1.51808270486891,-1.73752699220917,1.45315419270015,-1.01448324660071,-0.0731974161662176,0.00318443679220928
"204",1.43953075817363,0.136830431420297,-1.13936531504635,0.507364427412684,-0.838180189543104,0.225747597365878,-0.446650216012248,-0.735411288266901,-0.0731974161662176,0.0133956007618841
"205",0.142949918494594,-0.00809419453472182,-0.948878662672212,-1.80411540809806,-0.267939370237587,-0.652559455865065,1.20801813996306,-0.0098241965989853,-0.0731974161662176,0.0179513508406621
"206",-0.289243694731752,0.408564105085953,0.407948393992744,0.638780964973985,0.0391133786192297,0.55296002896172,-0.630502255565061,-1.23774081326777,-0.0731974161662176,0.0270628509982181
"207",-1.15363092118445,0.517257574552215,0.445421178066345,0.186482329563617,2.47360303026971,0.690733684370495,-0.814354295117873,1.77623633673742,-0.0731974161662176,0.0408871960648548
"208",1.00733714494729,0.0643681184427876,0.290845943762742,0.583150651527791,-0.443398083870054,0.311856131996363,-0.446650216012248,-1.01448324660071,-0.0731974161662176,0.0683787913678255
"209",0.575143531720941,0.317986213864068,0.109727487407006,0.483983571036747,0.69708355474098,0.122417355809297,-0.691786268749331,1.27390681173656,-0.0731974161662176,0.100269041919272
"210",1.43953075817363,0.55348873104097,-0.46797793372767,0.553319903737802,1.94722688937231,0.742398805148786,-1.12077436103923,0.49250532840188,-0.0731974161662176,0.165934680985796
"211",-0.289243694731752,-0.00809419453472182,-1.04880608686848,0.560172913365231,-0.509195101482229,-0.0842431273038668,-1.1820583742235,-0.51215372159985,-0.0731974161662176,0.178816457070616
"212",1.00733714494729,0.517257574552215,0.445421178066345,0.186482329563617,2.47360303026971,-2.37473014847476,3.16910656185973,0.994834853402744,-0.0731974161662176,0.206622242034193
"213",1.00733714494729,0.662182200507231,-0.402400561598869,0.581941296887656,1.50858010529114,0.208525890439781,0.16618991583046,0.49250532840188,-0.0731974161662176,0.208664474828127
"214",1.00733714494729,-0.551561541866035,-0.916089976607811,-1.7904093888432,-0.882044867951221,-1.35864943983504,0.104905902646189,0.994834853402744,-0.0731974161662176,0.227830044125056
"215",-0.289243694731752,0.191177166153428,-1.17215400111075,-1.88312657792019,-0.267939370237587,-0.325347024269223,-1.05949034785496,0.49250532840188,-0.0731974161662176,0.248409466894708
"216",-0.289243694731752,0.191177166153428,-1.17215400111075,-1.88312657792019,-0.267939370237587,-0.325347024269223,-1.05949034785496,0.49250532840188,-0.0731974161662176,0.248409466894708
"217",-0.289243694731752,0.317986213864068,0.206532179597141,0.535179584135782,-0.114412995809179,-0.342568731195321,0.962882087225981,-1.51681277160158,-0.0731974161662176,0.261291242979529
"218",-1.58582453441079,-0.370405759422264,-0.297789039393401,0.652890102442223,-0.421465744665996,-1.11754554286968,1.7595742586215,1.27390681173656,-0.0731974161662176,0.274487208724955
"219",-0.289243694731752,0.408564105085953,0.350177851879277,0.611368926464266,0.0391133786192297,0.0879739419571025,-1.54976245332912,-1.51681277160158,-0.0731974161662176,0.296480484967331
"220",0.575143531720941,-0.0986720857566073,-1.11126072699115,-1.85974572154425,-0.618856797502521,-0.635337748938968,-1.05949034785496,-0.51215372159985,-0.0731974161662176,0.298679812591569
"221",1.43953075817363,-0.0805565075122286,-0.176002491154199,0.33563606851356,-0.596924458298463,-0.463120679677999,0.90159807404171,-0.51215372159985,-0.0731974161662176,0.301978804027925
"222",-0.721437307958099,0.48102641806346,0.473525766121545,0.669014830977352,1.06993332120997,-0.0497997134516724,0.288757942199002,-0.233081763266036,-0.0731974161662176,0.36183193437325
"223",-0.289243694731752,-0.551561541866035,-0.916089976607811,-1.7904093888432,-0.882044867951221,-1.35864943983504,0.104905902646189,0.994834853402744,-0.0731974161662176,0.377070132912611
"224",-1.15363092118445,-0.424752494155394,0.615610072400615,-0.959582751070678,-0.487262762278171,-0.945328473608713,2.12727833772713,-0.233081763266036,-0.0731974161662176,0.379740745027757
"225",1.00733714494729,-0.0986720857566073,-0.436750613666336,0.756894601493806,-0.618856797502521,-0.600894335086774,0.779030047673168,0.269247761734828,-0.0731974161662176,0.390580288318642
"226",-0.289243694731752,0.517257574552215,0.599996412369948,0.728273208343952,-0.202142352625412,0.690733684370495,-0.324082189643707,0.49250532840188,-0.0731974161662176,0.560871084366758
"227",1.00733714494729,0.191177166153428,-0.973860518721279,0.597259788996028,0.455827823496339,-0.480342386604096,-0.0176621237223525,-0.0098241965989853,-0.0731974161662176,0.573752860451578
"228",1.43953075817363,0.281755057375313,-0.45392563970007,-0.270653724407291,0.631286537128806,0.208525890439781,-0.630502255565061,0.269247761734828,-0.0731974161662176,0.71403854391188
"229",-0.289243694731752,0.517257574552215,0.599996412369948,0.728273208343952,-0.202142352625412,1.62070585837973,-1.12077436103923,-0.51215372159985,-0.0731974161662176,0.80515354548744
"230",1.43953075817363,0.281755057375313,-0.45392563970007,-0.270653724407291,0.631286537128806,-0.428677265825805,-0.0789461369066233,-0.0098241965989853,-0.0731974161662176,0.918261823305377
"231",-0.289243694731752,0.408564105085953,0.350177851879277,0.611368926464266,0.0391133786192297,1.29349342678389,-1.42719442696058,0.269247761734828,-0.0731974161662176,1.1883078365957
"232",-1.58582453441079,0.517257574552215,0.599996412369948,0.728273208343952,-0.202142352625412,1.53459732374924,-1.05949034785496,-0.51215372159985,-0.0731974161662176,1.2934042780682
"233",0.575143531720941,0.0643681184427876,0.290845943762742,0.583150651527791,-0.443398083870054,-0.0325780065255759,-0.0789461369066233,-0.735411288266901,-0.0731974161662176,1.42237913374671
"234",1.87172437139998,-1.1312600456861,-0.585080383957672,0.499705181358498,-1.27682697362427,0.931837581335852,-0.507934229196519,-0.51215372159985,-0.0731974161662176,1.45803966022542
"235",-0.289243694731752,0.336101792108444,0.15969119950514,0.509783136692953,-0.0924806566051204,-0.204795075786545,-1.1820583742235,-0.51215372159985,-0.0731974161662176,2.23126041497526
"236",1.43953075817363,0.136830431420297,0.492262158158346,0.215506840926849,0.346166127476047,0.122417355809297,-0.201514163275165,0.994834853402744,-0.0731974161662176,2.88477490903445
"237",-1.15363092118445,0.336101792108444,0.15969119950514,0.509783136692953,-0.0924806566051204,-0.118686541156061,0.104905902646189,-1.23774081326777,-0.0731974161662176,2.95483920334945
"238",-1.58582453441079,0.0643681184427876,0.290845943762742,0.583150651527791,-0.443398083870054,-0.0153562995994787,-0.262798176459436,-1.01448324660071,-0.0731974161662176,3.14241043073086
"239",0.575143531720941,0.336101792108444,0.15969119950514,0.509783136692953,-0.0924806566051204,1.06961123674463,-1.05949034785496,-0.0098241965989853,-0.0731974161662176,16.9347081519858
"240",1.00733714494729,-1.58414950179553,-1.68428205011662,-2.17699975547292,-1.2110299560121,-0.945328473608713,1.88214228499004,-1.23774081326777,-0.0731974161662176,-0.201824316752801
"241",0.575143531720941,-0.479099228888525,-1.46256807768115,-2.03348967151027,-1.14523293839992,-0.635337748938968,0.411325968567543,-0.735411288266901,-0.0731974161662176,-0.201824316752801
"242",-0.289243694731752,-1.38487814110738,-1.36732475149409,-1.86498625831817,-1.4742180264608,-0.377012145047514,-1.48847844014485,-0.51215372159985,-0.0731974161662176,-0.201824316752801
"243",-1.15363092118445,0.644066622262855,0.17842759154194,0.169148246388353,0.850609929169389,-0.600894335086774,1.33058616633161,-0.0098241965989853,-0.0731974161662176,-0.0426872536561761
"244",1.00733714494729,0.209292744397804,1.00282884116115,0.615803226811427,1.04800098200591,0.518516615109526,1.7595742586215,1.99949390340447,3.30564759793508,-0.201824316752801
"245",-1.15363092118445,0.209292744397804,1.00282884116115,0.615803226811427,1.04800098200591,0.60462514974001,0.595178008120356,1.99949390340447,-0.0731974161662176,-0.156738100455929
"246",-0.721437307958099,0.209292744397804,1.00282884116115,0.615803226811427,1.04800098200591,1.36238025448828,-0.385366202827977,1.27390681173656,-0.0731974161662176,-0.189885109649796
"247",0.142949918494594,0.209292744397804,1.00282884116115,0.615803226811427,1.04800098200591,1.17294147830121,-0.324082189643707,0.771577286735693,-0.0731974161662176,-0.200410463280077
"248",-1.15363092118445,0.281755057375313,-0.300911771399534,-0.178742771757055,0.126842735435463,0.311856131996363,1.57572221906869,-1.01448324660071,-0.0731974161662176,-0.190042204480099
"249",1.43953075817363,0.444795261574706,0.724905692615283,0.47874303426283,0.982203964393739,1.68959268608412,-0.998206334670686,-0.735411288266901,-0.0731974161662176,-0.201824316752801
"250",-0.721437307958099,0.444795261574706,0.724905692615283,0.47874303426283,0.982203964393739,0.484073201257332,-0.262798176459436,-2.01914229660244,-0.0731974161662176,-0.163021893668037
"251",1.43953075817363,0.444795261574706,0.724905692615283,0.47874303426283,0.982203964393739,1.36238025448828,-1.1820583742235,-0.51215372159985,-0.0731974161662176,-0.191141868292218
"252",1.43953075817363,0.444795261574706,0.724905692615283,0.47874303426283,0.982203964393739,0.880172460557561,-0.507934229196519,-0.51215372159985,-0.0731974161662176,-0.198054040825536
"253",0.575143531720941,0.444795261574706,0.724905692615283,0.47874303426283,0.982203964393739,0.55296002896172,-0.446650216012248,-0.233081763266036,-0.0731974161662176,-0.198525325316444
"254",1.00733714494729,0.227408322642182,-0.0261113548597962,0.0707874023240661,-0.22407469182947,0.432408080479041,-0.385366202827977,-0.735411288266901,-0.0731974161662176,-0.177945902546792
"255",0.575143531720941,0.173061587909049,0.425123420026478,0.297339838242629,-0.596924458298463,0.00186540732661784,-0.201514163275165,-0.51215372159985,-0.0731974161662176,-0.0393882622198197
"256",-1.15363092118445,-0.569677120110411,-0.528871207847271,0.592019252222111,-0.882044867951221,0.587403442813914,0.104905902646189,-0.0098241965989853,-0.0731974161662176,-0.201824316752801
"257",1.43953075817363,0.644066622262855,0.0987979253855393,0.133673843611069,0.43389548429228,0.862950753631464,-0.201514163275165,-1.01448324660071,-0.0731974161662176,-0.0758342628500437
"258",-0.289243694731752,0.644066622262855,0.0987979253855393,0.133673843611069,0.43389548429228,0.432408080479041,-0.0176621237223525,-0.735411288266901,-0.0731974161662176,-0.191141868292218
"259",-0.721437307958099,0.209292744397804,0.937251469032353,0.581941296887656,1.02606864280186,0.294634425070266,0.90159807404171,-1.74007033826863,-0.0731974161662176,-0.201824316752801
"260",1.00733714494729,0.209292744397804,0.937251469032353,0.581941296887656,1.02606864280186,0.82850733977927,-0.262798176459436,-1.23774081326777,-0.0731974161662176,-0.18014523017103
"261",-1.15363092118445,0.535373152796591,-0.202545713206332,-0.0239453778198168,1.17959501723026,1.62070585837973,-0.753070281933602,-0.0098241965989853,-0.0731974161662176,-0.0627953919349204
"262",-0.721437307958099,0.173061587909049,0.023852357238338,0.101021268327433,-0.0266836389929452,-1.32420602598285,2.43369840364848,1.99949390340447,-0.0731974161662176,-0.149983022752913
"263",-1.15363092118445,0.173061587909049,0.023852357238338,0.101021268327433,-0.0266836389929452,0.432408080479041,-0.140230150090894,-0.51215372159985,-0.0731974161662176,-0.135059013874158
"264",0.575143531720941,0.0824836966871636,0.471964400118479,0.327170586032618,-0.421465744665996,0.0707522350310059,-0.324082189643707,-0.233081763266036,-0.0731974161662176,-0.177317523225581
"265",-0.289243694731752,0.662182200507231,0.885726390931152,0.550094958030776,0.872542268373447,0.501294908183429,0.533893994936085,-0.51215372159985,-0.0731974161662176,-0.0990842977348418
"266",-0.289243694731752,0.55348873104097,-0.135406975074465,0.00951343389057573,1.22345969563838,0.55296002896172,0.595178008120356,1.99949390340447,-0.0731974161662176,-0.189413825158888
"267",0.575143531720941,0.662182200507231,0.325195995830209,0.238484579089408,2.99997917116711,0.0879739419571025,0.656462021304626,-0.0098241965989853,-0.0731974161662176,-0.199153704637655
"268",-1.15363092118445,0.263639479130935,0.651521490471148,0.444477986125681,1.15766267802621,0.82850733977927,-1.24334238740777,-0.51215372159985,-0.0731974161662176,-0.201824316752801
"269",-0.721437307958099,0.263639479130935,0.651521490471148,0.444477986125681,1.15766267802621,0.363521252774653,-0.753070281933602,-0.51215372159985,-0.0731974161662176,-0.201824316752801
"270",-0.289243694731752,0.263639479130935,0.651521490471148,0.444477986125681,1.15766267802621,0.0363088211788122,0.533893994936085,-0.735411288266901,-0.0731974161662176,-0.132702591419617
"271",-1.15363092118445,0.263639479130935,0.651521490471148,0.444477986125681,1.15766267802621,0.501294908183429,0.717746034488897,-0.51215372159985,-0.0731974161662176,-0.193655385577061
"272",1.43953075817363,0.263639479130935,0.651521490471148,0.444477986125681,1.15766267802621,0.208525890439781,0.840314060857439,0.269247761734828,-0.0731974161662176,-0.0561974090622075
"273",-1.15363092118445,0.263639479130935,0.651521490471148,0.444477986125681,1.15766267802621,0.225747597365878,0.16618991583046,-0.0098241965989853,-0.0731974161662176,-0.15328201418927
"274",-0.289243694731752,-1.1312600456861,-1.30643147737448,-0.783823210037771,-0.487262762278171,-2.42639526925305,0.779030047673168,2.50182342840534,-0.0731974161662176,-0.0607531591409855
"275",1.43953075817363,-1.20372235866361,-1.29706328135608,-0.779388909690611,-0.816247850339046,-2.37473014847476,1.02416610041025,2.22275147007152,-0.0731974161662176,-0.026035201644091
"276",-0.289243694731752,-1.09502888919735,-1.31892240539902,-0.789869983238445,-1.54001504407297,-2.37473014847476,1.02416610041025,0.49250532840188,-0.0731974161662176,-0.117307298049954
"277",-0.289243694731752,-0.950104263242329,-1.33453606542968,-0.799141702146144,-1.40842100884862,-2.46083868310524,-1.42719442696058,2.50182342840534,-0.0731974161662176,0.0785899553375004
"278",-0.721437307958099,-0.950104263242329,-1.33453606542968,-0.799141702146144,-1.40842100884862,-2.46083868310524,-1.42719442696058,2.50182342840534,-0.0731974161662176,-0.0332615638380148
"279",-0.289243694731752,-0.950104263242329,-1.33453606542968,-0.799141702146144,-1.40842100884862,-2.46083868310524,-1.42719442696058,2.50182342840534,-0.0731974161662176,0.144255594404025
"280",-0.289243694731752,-0.950104263242329,-1.33453606542968,-0.799141702146144,-1.40842100884862,-2.46083868310524,-1.42719442696058,2.50182342840534,-0.0731974161662176,-0.048342667547073
"281",-0.289243694731752,-1.07691331095297,-1.31423830738982,-0.787451273958175,-1.07943592078775,-2.87415964933157,0.90159807404171,0.49250532840188,-0.0731974161662176,-0.0561974090622075
"282",0.575143531720941,-0.950104263242329,-1.33453606542968,-0.799141702146144,-1.40842100884862,-2.37473014847476,-1.24334238740777,2.50182342840534,-0.0731974161662176,0.187299577906962
"283",0.575143531720941,-1.04068215446421,-1.30174737936528,-0.783823210037771,-1.23296229521615,-2.52972551080963,0.411325968567543,-0.0098241965989853,-0.0731974161662176,-0.201824316752801
"284",-0.721437307958099,-0.678370589576672,-1.62807287400622,-2.13346298842807,-1.27682697362427,-1.73752699220917,-0.56921824238079,-0.51215372159985,-0.0731974161662176,-0.184543885419505
"285",0.142949918494594,-0.986335419731083,-1.65461609605836,-2.14515341661604,-0.596924458298463,-1.96140918224843,0.104905902646189,2.22275147007152,-0.0731974161662176,0.178973551900919
"286",-1.15363092118445,0.589719887529724,0.918515076995553,-0.548805291638266,0.719015893945039,0.776842219000979,-0.262798176459436,1.27390681173656,-0.0731974161662176,-0.201824316752801
"287",1.00733714494729,0.100599274931542,1.12773812140649,-0.444397674373306,0.762880572353156,-1.08310212901749,2.80140248275411,1.99949390340447,0.602571586654042,-0.201824316752801
"288",1.00733714494729,0.173061587909049,-0.104179655013131,-0.294437698996606,-0.00475129978888691,0.55296002896172,0.288757942199002,-0.735411288266901,-0.0731974161662176,-0.201824316752801
"289",1.00733714494729,0.173061587909049,-0.104179655013131,-0.294437698996606,-0.00475129978888691,0.914615874409755,-0.753070281933602,-1.23774081326777,-0.0731974161662176,-0.201824316752801
"290",1.00733714494729,0.173061587909049,-0.104179655013131,-0.294437698996606,-0.00475129978888691,0.931837581335852,-0.875638308302144,-1.23774081326777,-0.0731974161662176,-0.201824316752801
"291",-1.15363092118445,0.173061587909049,-0.104179655013131,-0.294437698996606,-0.00475129978888691,-0.0325780065255759,0.533893994936085,-1.23774081326777,-0.0731974161662176,-0.201824316752801
"292",1.87172437139998,0.173061587909049,-0.104179655013131,-0.294437698996606,-0.00475129978888691,1.10405465059682,-0.324082189643707,-1.74007033826863,-0.0731974161662176,-0.0761484525106491
"293",-0.289243694731752,0.173061587909049,-0.166634295135798,-0.329105865347133,-0.596924458298463,0.690733684370495,-0.262798176459436,-1.51681277160158,-0.0731974161662176,-0.160351281552891
"294",1.00733714494729,0.444795261574706,1.08558123932369,-0.472212831096403,0.43389548429228,1.37960196141437,-0.998206334670686,0.771577286735693,-0.0731974161662176,1.15626049121395
"295",1.43953075817363,0.299870635619689,-0.344630019485402,-0.431497891545203,-0.114412995809179,-0.308125317343126,1.39187017951588,-0.233081763266036,-0.0731974161662176,-0.0986130132439337
"296",1.00733714494729,0.444795261574706,1.08558123932369,-0.472212831096403,0.43389548429228,0.570181735887817,0.227473929014731,-1.51681277160158,-0.0731974161662176,-0.201824316752801
"297",0.575143531720941,-0.044325351023474,-0.333700457463935,-1.03657832982592,-0.574992119094404,-0.79033311127384,0.104905902646189,-1.23774081326777,-0.0731974161662176,-0.187685782025559
"298",1.43953075817363,-0.044325351023474,-0.333700457463935,-1.03657832982592,-0.574992119094404,-0.600894335086774,0.0436218894619183,-1.01448324660071,-0.0731974161662176,-0.201824316752801
"299",1.43953075817363,0.100599274931542,0.576575922323947,-0.688284193467132,0.806745250761272,0.122417355809297,-0.0789461369066233,0.49250532840188,-0.0731974161662176,-0.201824316752801
"300",0.575143531720941,-6.747089301443,-0.622553168031273,-1.26635571145151,-1.89093247133791,-1.42753626753943,2.80140248275411,-0.735411288266901,-0.0731974161662176,-0.201824316752801
"301",0.575143531720941,-0.044325351023474,-0.2743685493474,-1.00715070024931,-0.333736387849762,0.311856131996363,-1.1820583742235,0.49250532840188,-0.0731974161662176,-0.201824316752801
"302",0.575143531720941,-0.044325351023474,-0.2743685493474,-1.00715070024931,-0.333736387849762,0.0363088211788122,-0.324082189643707,0.771577286735693,-0.0731974161662176,-0.146526936486254
"303",-0.721437307958099,0.0824836966871636,-0.261877621322867,-1.27320872107894,-0.421465744665996,0.0535305281049087,-0.385366202827977,0.269247761734828,-0.0731974161662176,-0.201824316752801
"304",-0.721437307958099,0.0824836966871636,-0.261877621322867,-1.27320872107894,-0.421465744665996,0.0535305281049087,-0.385366202827977,0.269247761734828,-0.0731974161662176,-0.201824316752801
"305",0.575143531720941,-1.00445099797546,-1.29394054934995,-1.75009756750538,-1.2110299560121,-1.30698431905675,3.04653853549119,0.49250532840188,-0.0731974161662176,-0.201824316752801
"306",-1.58582453441079,-0.189249976978493,-0.418014221629536,0.670627303830865,-0.728518493522813,0.019087114252715,0.472609981751814,-1.01448324660071,-0.0731974161662176,-0.201824316752801
"307",1.00733714494729,-0.189249976978493,-0.418014221629536,0.670627303830865,-0.728518493522813,-0.308125317343126,0.533893994936085,0.771577286735693,-0.0731974161662176,-0.195383428710391
"308",-0.721437307958099,-0.189249976978493,-0.418014221629536,0.670627303830865,-0.728518493522813,0.845729046705368,-0.56921824238079,-0.233081763266036,-0.0731974161662176,-0.120449194656008
"309",-1.15363092118445,0.317986213864068,-0.0791977989640638,0.847193081290528,0.192639753047638,-0.497564093530193,0.0436218894619183,-1.23774081326777,-0.0731974161662176,-0.201824316752801
"310",-1.15363092118445,0.317986213864068,-0.0791977989640638,0.847193081290528,0.192639753047638,1.03516782289243,-1.05949034785496,-1.01448324660071,-0.0731974161662176,-0.201824316752801
"311",1.00733714494729,0.317986213864068,-0.0791977989640638,0.847193081290528,0.192639753047638,1.10405465059682,-1.05949034785496,-0.735411288266901,-0.0731974161662176,-0.201824316752801
"312",0.575143531720941,0.317986213864068,-0.0791977989640638,0.847193081290528,0.192639753047638,1.01794611596634,-0.998206334670686,-1.23774081326777,-0.0731974161662176,0.0226641957497428
"313",-1.15363092118445,-7.29055664877431,-1.00977193679181,0.639587201400742,-1.89093247133791,-1.15198895672188,2.06599432454286,1.27390681173656,-0.0731974161662176,-0.201824316752801
"314",0.575143531720941,0.35421737035282,0.0706933373303388,0.923785541832391,-0.0486159781970035,0.931837581335852,-1.05949034785496,0.49250532840188,-0.0731974161662176,-0.201824316752801
"315",-0.289243694731752,0.35421737035282,0.0706933373303388,0.923785541832391,-0.0486159781970035,0.139639062735393,-0.201514163275165,-1.23774081326777,-0.0731974161662176,-0.177003333564976
"316",-0.721437307958099,0.100599274931542,0.37203697592221,1.08664530003719,-0.399533405461937,-0.0670214203777696,-0.875638308302144,-0.735411288266901,-0.0731974161662176,-0.201824316752801
"317",-0.289243694731752,0.317986213864068,-0.229088935258466,0.7718099753888,-0.0924806566051204,-0.0497997134516724,-1.24334238740777,0.994834853402744,-0.0731974161662176,-0.201824316752801
"318",-0.289243694731752,0.317986213864068,-0.229088935258466,0.7718099753888,-0.0924806566051204,0.0535305281049087,-1.24334238740777,0.49250532840188,-0.0731974161662176,-0.142442470898384
"319",0.575143531720941,0.390448526841575,0.12690251344074,0.949585107488597,-0.333736387849762,0.466851494331235,-1.05949034785496,-1.01448324660071,-0.0731974161662176,-0.201824316752801
"320",0.142949918494594,0.390448526841575,0.12690251344074,0.949585107488597,-0.333736387849762,0.466851494331235,-0.998206334670686,1.27390681173656,-0.0731974161662176,-0.132545496589315
"321",0.575143531720941,0.390448526841575,0.12690251344074,0.949585107488597,-0.333736387849762,0.00186540732661784,-0.630502255565061,1.77623633673742,-0.0731974161662176,0.337953520167241
"322",-1.58582453441079,0.390448526841575,0.12690251344074,0.949585107488597,-0.333736387849762,-0.359790438121417,-0.998206334670686,-0.0098241965989853,-0.0731974161662176,-0.0885589441045616
"323",0.575143531720941,0.390448526841575,0.12690251344074,0.949585107488597,-0.333736387849762,-0.359790438121417,-0.998206334670686,-0.0098241965989853,-0.0731974161662176,-0.185957738892229
"324",-0.721437307958099,0.0100213837096568,0.406387027989678,1.10801056534624,-0.487262762278171,-1.0314370082392,-0.324082189643707,-0.735411288266901,-0.0731974161662176,-0.167577643746815
"325",0.575143531720941,-0.460983650644149,-0.898914950574078,0.721420198716522,-0.794315511134988,-0.893663352830422,0.717746034488897,-1.23774081326777,-0.0731974161662176,-0.132388401759012
"326",-1.58582453441079,0.281755057375313,-0.133845609071398,0.820587279207565,-0.136345335013237,0.914615874409755,-1.05949034785496,-0.51215372159985,-0.0731974161662176,-0.201824316752801
"327",0.142949918494594,0.281755057375313,-0.133845609071398,0.820587279207565,-0.136345335013237,0.897394167483658,-1.05949034785496,-0.51215372159985,-0.0731974161662176,-0.201824316752801
"328",0.575143531720941,0.281755057375313,-0.133845609071398,0.820587279207565,-0.136345335013237,0.397964666626847,-0.753070281933602,-1.01448324660071,-0.0731974161662176,-0.201824316752801
"329",0.575143531720941,0.281755057375313,-0.133845609071398,0.820587279207565,-0.136345335013237,0.139639062735393,-0.56921824238079,-1.23774081326777,-0.0731974161662176,-0.201824316752801
"330",-0.289243694731752,0.281755057375313,-0.133845609071398,0.820587279207565,-0.136345335013237,0.794063925927077,-1.05949034785496,-0.0098241965989853,-0.0731974161662176,-0.149511738262005
"331",-0.721437307958099,0.281755057375313,-0.133845609071398,0.820587279207565,-0.136345335013237,0.914615874409755,-1.05949034785496,-0.51215372159985,-0.0731974161662176,-0.098455918413631
"332",1.00733714494729,0.100599274931542,0.211216277606341,0.997153056667228,-0.114412995809179,0.449629787405138,-0.998206334670686,0.269247761734828,-0.0731974161662176,0.0438719978406059
"333",-0.289243694731752,0.100599274931542,0.211216277606341,0.997153056667228,-0.114412995809179,-0.308125317343126,-0.201514163275165,-1.01448324660071,-0.0731974161662176,-0.025563917153183
"334",-1.58582453441079,0.263639479130935,-0.361805045519135,0.698039342340585,0.104910396231405,-0.135908248082157,0.595178008120356,-0.51215372159985,-0.0731974161662176,-0.168363117898328
"335",-1.15363092118445,0.173061587909049,-0.0386022828843297,0.870977055879843,-0.618856797502521,-0.153129955008254,0.411325968567543,0.771577286735693,-0.0731974161662176,-0.201824316752801
"336",-0.289243694731752,0.173061587909049,-0.0386022828843297,0.870977055879843,-0.618856797502521,-1.5653099229482,2.55626643001702,-1.23774081326777,-0.0731974161662176,-0.201824316752801
"337",1.00733714494729,0.173061587909049,-0.0386022828843297,0.870977055879843,-0.618856797502521,0.0707522350310059,-0.0176621237223525,-1.01448324660071,-0.0731974161662176,-0.201824316752801
"338",0.575143531720941,0.173061587909049,-0.0386022828843297,0.870977055879843,-0.618856797502521,0.707955391296592,-0.630502255565061,-1.01448324660071,-0.0731974161662176,0.678535112263473
"339",1.43953075817363,0.173061587909049,-0.0386022828843297,0.870977055879843,-0.618856797502521,0.656290270518301,-0.56921824238079,-1.01448324660071,-0.0731974161662176,-0.0843173836863889
"340",-1.15363092118445,0.173061587909049,-0.0386022828843297,0.870977055879843,-0.618856797502521,0.260191011218072,-0.201514163275165,-1.23774081326777,-0.0731974161662176,-0.178731376698305
"341",-1.15363092118445,0.173061587909049,-0.0386022828843297,0.870977055879843,-0.618856797502521,0.0707522350310059,-0.0176621237223525,-1.01448324660071,-0.0731974161662176,-0.140086048443844
"342",1.43953075817363,0.227408322642182,0.0129227952168712,0.896373503322671,-0.553059779890346,-0.549229214308484,0.411325968567543,-1.01448324660071,-0.0731974161662176,-0.201824316752801
"343",0.575143531720941,0.154946009664673,0.300214139781142,1.04472100584586,-0.333736387849762,0.294634425070266,-0.446650216012248,-1.23774081326777,-0.0731974161662176,-0.201824316752801
"344",1.43953075817363,0.154946009664673,0.300214139781142,1.04472100584586,-0.333736387849762,-0.51478580045629,0.411325968567543,0.269247761734828,-0.0731974161662176,-0.167577643746815
"345",0.575143531720941,0.154946009664673,0.300214139781142,1.04472100584586,-0.333736387849762,-1.15198895672188,1.33058616633161,0.49250532840188,-0.0731974161662176,-0.10599647026816
"346",-1.15363092118445,0.154946009664673,0.300214139781142,1.04472100584586,-0.333736387849762,-0.359790438121417,-0.0789461369066233,-0.51215372159985,-0.0731974161662176,-0.110238030686333
"347",-1.58582453441079,0.154946009664673,0.300214139781142,1.04472100584586,-0.333736387849762,0.415186373552944,-0.56921824238079,-1.01448324660071,-0.0731974161662176,0.241026009870482
"348",0.142949918494594,0.263639479130935,-0.185370687172599,0.795593949978115,0.126842735435463,-1.51364480216991,1.88214228499004,-0.233081763266036,-0.0731974161662176,-0.201824316752801
"349",-0.721437307958099,0.263639479130935,-0.185370687172599,0.795593949978115,0.126842735435463,-0.256460196564836,0.779030047673168,0.269247761734828,-0.0731974161662176,-0.201824316752801
"350",0.142949918494594,0.263639479130935,-0.185370687172599,0.795593949978115,0.126842735435463,-1.04865871516529,1.20801813996306,-0.233081763266036,-0.0731974161662176,-0.17606076458316
"351",0.142949918494594,0.263639479130935,-0.185370687172599,0.795593949978115,0.126842735435463,-1.51364480216991,1.88214228499004,-0.233081763266036,-0.0731974161662176,-0.143542134710503
"352",-0.289243694731752,0.263639479130935,-0.185370687172599,0.795593949978115,0.126842735435463,-0.600894335086774,0.533893994936085,1.27390681173656,-0.0731974161662176,-0.0869879958015347
"353",1.00733714494729,0.263639479130935,-0.185370687172599,0.795593949978115,0.126842735435463,0.294634425070266,-0.0789461369066233,-0.233081763266036,-0.0731974161662176,-0.169934066201355
"354",1.00733714494729,0.263639479130935,-0.185370687172599,0.795593949978115,0.126842735435463,0.156860769661491,0.16618991583046,-0.735411288266901,-0.0731974161662176,-0.174804005940738
"355",1.00733714494729,0.263639479130935,-0.185370687172599,0.795593949978115,0.126842735435463,-0.0325780065255759,0.350041955383272,-1.01448324660071,-0.0731974161662176,-0.108038703062095
"356",-0.289243694731752,0.263639479130935,-0.185370687172599,0.795593949978115,0.126842735435463,0.32907783892246,-0.56921824238079,0.49250532840188,-0.0731974161662176,0.00334153162251197
"357",-0.289243694731752,0.263639479130935,-0.185370687172599,0.795593949978115,0.126842735435463,0.32907783892246,-0.56921824238079,0.49250532840188,-0.0731974161662176,-0.182030368134662
"358",0.575143531720941,0.336101792108444,0.17374349353274,0.974578436718047,0.258436770659813,-0.51478580045629,0.656462021304626,-0.233081763266036,-0.0731974161662176,-0.201824316752801
"359",0.575143531720941,0.336101792108444,0.17374349353274,0.974578436718047,0.258436770659813,0.139639062735393,-0.324082189643707,-0.735411288266901,-0.0731974161662176,-0.201824316752801
"360",-1.58582453441079,0.336101792108444,0.17374349353274,0.974578436718047,0.258436770659813,0.380742959700751,-0.324082189643707,-1.01448324660071,-0.0731974161662176,-0.0742633145470168
"361",0.575143531720941,0.336101792108444,0.17374349353274,0.974578436718047,0.258436770659813,-0.0842431273038668,-0.140230150090894,-1.01448324660071,-0.0731974161662176,-0.184700980249808
"362",-0.289243694731752,0.336101792108444,0.17374349353274,0.974578436718047,0.258436770659813,-0.273681903490933,0.0436218894619183,-0.0098241965989853,-0.0731974161662176,-0.139928953613541
"363",1.00733714494729,-0.44286807239977,-0.86924899651581,0.743188582238946,0.56548951951663,-0.635337748938968,1.20801813996306,-0.51215372159985,-0.0731974161662176,-0.193655385577061
"364",-0.289243694731752,0.227408322642182,0.0129227952168712,0.896373503322671,-0.553059779890346,-0.51478580045629,0.533893994936085,-1.01448324660071,-0.0731974161662176,-0.155795531474113
"365",0.575143531720941,0.227408322642182,0.0129227952168712,0.896373503322671,-0.553059779890346,0.380742959700751,-0.56921824238079,-0.735411288266901,-0.0731974161662176,-0.113065737631781
"366",0.575143531720941,0.227408322642182,0.0129227952168712,0.896373503322671,-0.553059779890346,0.122417355809297,0.0436218894619183,-0.51215372159985,-0.0731974161662176,0.112836628343487
"367",-0.289243694731752,0.0824836966871636,0.33456419184861,1.06487691651477,0.762880572353156,-0.51478580045629,-0.385366202827977,0.771577286735693,-0.0731974161662176,-0.17433272144983
"368",-0.289243694731752,0.0824836966871636,0.33456419184861,1.06487691651477,0.762880572353156,-0.428677265825805,-1.05949034785496,-0.233081763266036,-0.0731974161662176,-0.201824316752801
"369",0.575143531720941,0.100599274931542,-0.258754889316733,0.791965886057711,-0.136345335013237,-0.359790438121417,0.16618991583046,0.49250532840188,-0.0731974161662176,-0.003256451250201
"370",-0.289243694731752,0.0643681184427876,2.58293123626465,1.11728228425394,-0.421465744665996,-0.876441645904325,2.00471031135858,1.99949390340447,-0.0731974161662176,-0.201824316752801
"371",1.00733714494729,0.0643681184427876,2.58293123626465,1.11728228425394,-0.421465744665996,-0.876441645904325,2.00471031135858,1.99949390340447,-0.0731974161662176,-0.028077434438026
"372",-0.721437307958099,0.227408322642182,0.354861949888477,-0.110615793696135,-0.22407469182947,-0.807554818199937,0.840314060857439,-0.0098241965989853,-0.0731974161662176,-0.201824316752801
"373",-0.289243694731752,0.245523900886559,1.44157268802289,0.469874433568509,-0.202142352625412,-1.46197968139162,1.88214228499004,-1.74007033826863,-0.0731974161662176,-0.201824316752801
"374",0.142949918494594,0.752760091729117,1.7413549606117,0.607337744330484,1.06993332120997,0.242969304291975,-0.140230150090894,-0.735411288266901,-0.0731974161662176,-0.201824316752801
"375",0.575143531720941,-0.0624409292678526,2.79683837868478,1.23902398469416,-0.355668727053821,-1.47920138831772,2.06599432454286,-0.0098241965989853,-0.0731974161662176,0.0856592227011214
"376",0.575143531720941,0.100599274931542,-0.258754889316733,0.791965886057711,-0.136345335013237,-0.600894335086774,0.779030047673168,0.49250532840188,-0.0731974161662176,0.416343840488283
"377",1.43953075817363,0.263639479130935,1.50090459613943,0.502527008852145,-0.180210013421354,0.380742959700751,0.595178008120356,-1.01448324660071,-0.0731974161662176,-0.201824316752801
"378",-1.15363092118445,0.55348873104097,1.8771938028785,0.673852249537891,-0.136345335013237,0.518516615109526,-0.140230150090894,-1.01448324660071,-0.0731974161662176,2.54152270482307
"379",0.575143531720941,0.0462525401984115,-1.43602485562902,-2.08549192103606,-0.22407469182947,-1.75474869913527,0.411325968567543,0.994834853402744,-0.0731974161662176,-0.201824316752801
"380",-0.289243694731752,-13.0331949522418,-1.71394800417489,-1.51790147659952,-1.97866182815414,-2.35750844154866,3.41424261459681,-1.74007033826863,-0.0731974161662176,-0.201824316752801
"381",0.142949918494594,0.55348873104097,-0.149459269102065,-0.3593397313505,0.631286537128806,0.0707522350310059,-0.324082189643707,1.77623633673742,-0.0731974161662176,-0.0803900129288217
"382",1.43953075817363,0.0100213837096568,1.29948838174383,0.383204017692191,-0.487262762278171,-0.463120679677999,1.14673412677879,-0.735411288266901,-0.0731974161662176,0.0547115411314915
"383",1.43953075817363,0.825222404706626,1.66797075846757,0.572669577979957,1.96915922857637,1.60348415145363,-0.936922321486415,-1.23774081326777,-0.0731974161662176,-0.109766746195425
"384",1.87172437139998,0.173061587909049,2.14731012140904,0.829858998115264,-0.596924458298463,0.277412718144169,0.840314060857439,-0.735411288266901,-0.0731974161662176,0.47164122075483
"385",1.43953075817363,0.173061587909049,2.54389708618798,1.09309519145125,-0.289871709441646,0.415186373552944,-0.0176621237223525,0.269247761734828,-0.0731974161662176,-0.0104828134441247
"386",-1.15363092118445,0.173061587909049,1.09963353335129,0.262268553678723,-0.311804048645704,0.346299545848556,0.350041955383272,-1.01448324660071,-0.0731974161662176,0.0495274117315028
"387",-0.721437307958099,-0.0262097727790979,-0.221282105243133,0.816556097073783,0.521624841108514,0.294634425070266,0.656462021304626,0.771577286735693,-0.0731974161662176,0.184471870961513
"388",0.142949918494594,0.0462525401984115,-1.43602485562902,-2.08549192103606,-0.22407469182947,-1.25531919827846,0.227473929014731,0.771577286735693,-0.0731974161662176,-0.201824316752801
"389",0.575143531720941,0.752760091729117,1.81317779675277,0.63999031961412,0.653218876332864,0.759620512074883,-0.630502255565061,-0.51215372159985,-0.0731974161662176,0.249666225537129
"390",1.00733714494729,0.752760091729117,1.81317779675277,0.63999031961412,0.653218876332864,0.759620512074883,-0.630502255565061,-0.51215372159985,-0.0731974161662176,-0.201824316752801
"391",1.00733714494729,-1.07691331095297,-1.58279325991729,-1.97382817593029,-1.07943592078775,-1.96140918224843,1.63700623225296,1.27390681173656,-0.0731974161662176,-0.0453578657713219
"392",1.43953075817363,0.0824836966871636,-0.305595869408734,0.766569438614883,-0.399533405461937,0.311856131996363,0.104905902646189,-0.735411288266901,-0.0731974161662176,0.272287881100717
"393",-1.58582453441079,0.0643681184427876,2.58293123626465,1.11728228425394,-0.421465744665996,0.518516615109526,-0.0789461369066233,-0.0098241965989853,-0.0731974161662176,0.909778702469032
"394",-1.15363092118445,0.499141996307839,-1.49691812974862,-2.10564783170497,0.521624841108514,-0.635337748938968,-1.54976245332912,1.99949390340447,-0.0731974161662176,-0.201824316752801
"395",0.575143531720941,-1.18560678041923,-1.65930019406756,-2.02058988868217,-1.49615036566486,-2.34028673462256,1.45315419270015,-1.23774081326777,-0.0731974161662176,-0.201824316752801
"396",-0.289243694731752,-1.02256657621984,-1.59060008993262,-1.97947183091759,-1.2110299560121,-1.51364480216991,1.08545011359452,-1.23774081326777,-0.0731974161662176,0.611612714554527
"397",-0.289243694731752,-0.0262097727790979,-0.221282105243133,0.816556097073783,0.521624841108514,0.260191011218072,0.656462021304626,0.49250532840188,-0.0731974161662176,-0.144641798522622
"398",0.142949918494594,0.173061587909049,1.09963353335129,0.262268553678723,-0.311804048645704,0.931837581335852,-0.691786268749331,-0.233081763266036,-0.0731974161662176,-0.144798893352925
"399",-1.58582453441079,0.55348873104097,1.8771938028785,0.673852249537891,-0.136345335013237,1.2073848921534,-0.753070281933602,-0.51215372159985,-0.0731974161662176,-0.201824316752801
"400",1.87172437139998,0.48102641806346,-0.958246858690612,-1.00876317310282,1.09186566041403,1.56904073760144,-0.630502255565061,0.269247761734828,-0.0731974161662176,-0.201824316752801
"401",1.87172437139998,0.48102641806346,-0.958246858690612,-1.00876317310282,1.09186566041403,1.56904073760144,-0.630502255565061,0.269247761734828,-0.0731974161662176,-0.073634935225806
"402",-0.721437307958099,0.0824836966871636,-0.353998215503802,0.740769872958677,-0.158277674217295,0.673511977444398,0.104905902646189,-0.0098241965989853,-0.0731974161662176,-0.124062375752969
"403",1.87172437139998,0.752760091729117,1.81317779675277,0.63999031961412,0.653218876332864,1.05238952981853,-0.507934229196519,-0.0098241965989853,-0.0731974161662176,-0.201824316752801
"404",1.43953075817363,0.0100213837096568,1.29948838174383,0.383204017692191,-0.487262762278171,0.415186373552944,-0.201514163275165,-0.233081763266036,-0.0731974161662176,-0.201824316752801
"405",-1.15363092118445,-0.497214807132901,-0.407084659608069,0.714164070875714,-1.16716527760398,0.501294908183429,-0.630502255565061,-1.01448324660071,-0.0731974161662176,-0.106939039249976
"406",-1.15363092118445,0.716528935240362,1.58053426229583,0.535985820562538,0.104910396231405,1.55181903067534,-1.05949034785496,-1.01448324660071,-0.0731974161662176,-0.201824316752801
"407",0.575143531720941,-0.64213943308792,2.81713613672465,1.26038925000321,-1.1013682599918,-0.325347024269223,1.39187017951588,0.49250532840188,-0.0731974161662176,-0.139771858783238
"408",-0.289243694731752,-1.07691331095297,-1.60309101795716,-1.98713107697177,-1.34262399123645,-0.807554818199937,0.104905902646189,-0.0098241965989853,-0.0731974161662176,-0.201824316752801
"409",-0.289243694731752,-0.0624409292678526,2.79683837868478,1.23902398469416,-0.355668727053821,0.174082476587587,-0.0176621237223525,-0.51215372159985,-0.0731974161662176,-0.0792903491167029
"410",-1.58582453441079,0.299870635619689,-0.229088935258466,-0.394007897701028,0.675151215536922,0.776842219000979,-0.814354295117873,0.771577286735693,-0.0731974161662176,-0.201824316752801
"411",0.575143531720941,-1.18560678041923,-1.61714331198476,-1.99599967766609,-1.38648866964456,-0.721446283569453,-0.140230150090894,-0.735411288266901,-0.0731974161662176,-0.201824316752801
"412",1.00733714494729,-1.09502888919735,-1.68115931811049,-2.03308655329689,-1.25489463442021,-1.84085723376575,0.533893994936085,3.0041529534062,-0.0731974161662176,-0.129246505152958
"413",1.87172437139998,0.299870635619689,-0.293104941384201,-0.426660472984664,0.17070741384358,0.673511977444398,-1.05949034785496,0.269247761734828,-0.0731974161662176,-0.176217859413462
"414",1.00733714494729,0.55348873104097,1.8771938028785,0.673852249537891,-0.136345335013237,1.29349342678389,-0.691786268749331,-0.233081763266036,-0.0731974161662176,-0.201824316752801
"415",0.142949918494594,0.535373152796591,1.93964844300117,0.706101706608149,0.236504431455755,0.897394167483658,0.350041955383272,-0.0098241965989853,-0.0731974161662176,-0.201824316752801
"416",1.43953075817363,0.752760091729117,1.7413549606117,0.607337744330484,1.06993332120997,1.48293220297095,-1.05949034785496,0.49250532840188,-0.0731974161662176,11.5218486790763
"417",0.575143531720941,0.372332948597199,0.831078580823818,0.112308578302023,-0.0266836389929452,1.27627171985779,-0.324082189643707,-0.51215372159985,-0.0731974161662176,-0.0915437458803127
"418",0.575143531720941,0.499141996307839,-1.46100671167809,-2.09476363994376,0.192639753047638,-0.876441645904325,-1.24334238740777,0.994834853402744,-0.0731974161662176,-0.201824316752801
"419",-1.15363092118445,0.245523900886559,1.44157268802289,0.469874433568509,-0.202142352625412,1.03516782289243,-0.140230150090894,0.771577286735693,-0.0731974161662176,-0.163493178158945
"420",-1.15363092118445,0.173061587909049,1.09963353335129,0.262268553678723,-0.311804048645704,1.01794611596634,-0.507934229196519,-0.0098241965989853,-0.0731974161662176,-0.15391039351048
"421",1.43953075817363,0.191177166153428,1.25733149966103,0.354582624542337,-0.267939370237587,1.25905001293169,-0.507934229196519,0.269247761734828,-0.0731974161662176,2.71636925094996
"422",-1.15363092118445,0.825222404706626,1.66797075846757,0.572669577979957,1.96915922857637,2.05124853153215,-1.54976245332912,0.269247761734828,-0.0731974161662176,-0.201824316752801
"423",1.43953075817363,-0.31605902468913,2.37683092385984,0.999571765947497,-0.838180189543104,1.7929229276407,-1.05949034785496,-0.233081763266036,-0.0731974161662176,-0.102854573662106
"424",-1.58582453441079,0.100599274931542,-0.258754889316733,0.791965886057711,-0.136345335013237,0.587403442813914,0.227473929014731,-0.0098241965989853,-0.0731974161662176,-0.190513488971007
"425",1.43953075817363,0.55348873104097,1.8771938028785,0.673852249537891,-0.136345335013237,1.37960196141437,-0.814354295117873,-0.233081763266036,-0.0731974161662176,-0.123905280922667
"426",-1.15363092118445,0.173061587909049,2.14731012140904,0.829858998115264,-0.596924458298463,0.260191011218072,0.717746034488897,-1.01448324660071,-0.0731974161662176,-0.201824316752801
"427",1.43953075817363,0.173061587909049,2.14731012140904,0.829858998115264,-0.596924458298463,0.260191011218072,0.717746034488897,-1.01448324660071,-0.0731974161662176,-0.201824316752801
"428",-1.15363092118445,0.263639479130935,1.50090459613943,0.502527008852145,-0.180210013421354,1.55181903067534,-0.691786268749331,-1.01448324660071,-0.0731974161662176,-0.164907031631669
"429",-1.58582453441079,0.752760091729117,1.7413549606117,0.607337744330484,1.06993332120997,1.25905001293169,-0.630502255565061,0.994834853402744,-0.0731974161662176,-0.201824316752801
"430",-0.721437307958099,0.173061587909049,1.09963353335129,0.262268553678723,-0.311804048645704,0.983502702114143,-0.0176621237223525,-0.0098241965989853,-0.0731974161662176,-0.15155397105594
"431",1.00733714494729,-0.171134398734114,2.75312013059892,1.21483689189147,-0.487262762278171,0.0879739419571025,0.0436218894619183,-0.233081763266036,-0.0731974161662176,-0.201824316752801
"432",-1.58582453441079,0.263639479130935,1.04810845525009,0.2312284512486,0.126842735435463,0.759620512074883,-0.262798176459436,-0.0098241965989853,-0.0731974161662176,-0.10191200468029
"433",1.43953075817363,0.752760091729117,1.7413549606117,0.607337744330484,1.06993332120997,0.862950753631464,-0.385366202827977,1.49716437840361,-0.0731974161662176,-0.201824316752801
"434",-1.15363092118445,0.535373152796591,1.93964844300117,0.706101706608149,0.236504431455755,0.346299545848556,1.33058616633161,0.49250532840188,-0.0731974161662176,0.0391591529315252
"435",-1.58582453441079,-0.00809419453472182,2.48144244606531,1.06124885259437,-0.772383171930929,0.570181735887817,0.0436218894619183,-0.233081763266036,-0.0731974161662176,-0.201824316752801
"436",-1.15363092118445,0.0281369619540329,-0.408646025611136,-0.690702902747401,-0.750450832726871,0.845729046705368,0.411325968567543,-1.23774081326777,-0.0731974161662176,-0.201824316752801
"437",1.43953075817363,0.263639479130935,1.50090459613943,0.502527008852145,-0.180210013421354,1.36238025448828,-0.56921824238079,-1.51681277160158,-0.0731974161662176,-0.193341195916456
"438",1.43953075817363,-0.225481133467245,2.22850115356851,0.888714257268485,0.148775074639521,-0.807554818199937,1.7595742586215,-0.735411288266901,-0.0731974161662176,-0.201824316752801
"439",-1.15363092118445,0.55348873104097,1.8771938028785,0.673852249537891,-0.136345335013237,0.811285632853174,0.533893994936085,-0.0098241965989853,-0.0731974161662176,-0.100812340868171
"440",-1.58582453441079,0.0824836966871636,-0.305595869408734,0.766569438614883,-0.399533405461937,0.0363088211788122,0.104905902646189,-1.01448324660071,-0.0731974161662176,-0.196640187352812
"441",0.142949918494594,-0.0624409292678526,2.79683837868478,1.23902398469416,-0.355668727053821,-0.463120679677999,0.840314060857439,-0.233081763266036,-0.0731974161662176,-0.201824316752801
"442",1.43953075817363,0.263639479130935,1.50090459613943,0.502527008852145,-0.180210013421354,1.13849806444902,-0.936922321486415,-1.23774081326777,-0.0731974161662176,-0.18250165262557
"443",0.575143531720941,-0.497214807132901,-1.34234289544502,-2.04114891756446,-1.16716527760398,-1.37587114676114,1.20801813996306,-0.51215372159985,-0.0731974161662176,-0.1491975486014
"444",-1.58582453441079,0.0100213837096568,-0.46797793372767,-0.724161714457794,1.70597115812767,-0.704224576643356,2.06599432454286,2.22275147007152,-0.0731974161662176,-0.201824316752801
"445",-1.15363092118445,-0.0624409292678526,2.79683837868478,1.23902398469416,-0.355668727053821,-0.463120679677999,0.840314060857439,-0.233081763266036,-0.0731974161662176,-0.0453578657713219
"446",0.142949918494594,0.6078354657741,-0.983228714739679,-1.80290605345792,0.368098466680105,-0.273681903490933,2.1885623509114,0.269247761734828,-0.0731974161662176,-0.201824316752801
"447",0.575143531720941,0.245523900886559,1.44157268802289,0.469874433568509,-0.202142352625412,0.0363088211788122,1.57572221906869,-1.01448324660071,-0.0731974161662176,-0.201824316752801
"448",-0.721437307958099,0.499141996307839,-1.46100671167809,-2.09476363994376,0.192639753047638,-1.72030528528307,-0.56921824238079,2.22275147007152,-0.0731974161662176,-0.201824316752801
"449",1.00733714494729,-0.171134398734114,2.71720871252838,1.19347162658242,0.236504431455755,-1.44475797446552,2.00471031135858,-0.0098241965989853,-0.0731974161662176,-0.201824316752801
"450",1.00733714494729,0.173061587909049,1.09963353335129,0.262268553678723,-0.311804048645704,0.0707522350310059,1.02416610041025,0.49250532840188,-0.0731974161662176,-0.201824316752801
"451",-0.289243694731752,0.825222404706626,1.66797075846757,0.572669577979957,1.96915922857637,0.776842219000979,0.288757942199002,0.771577286735693,-0.0731974161662176,-0.100812340868171
"452",-1.58582453441079,-0.0262097727790979,1.34164526382663,0.411019174415288,1.59630946210737,-1.22087578442626,2.67883445638556,0.49250532840188,-0.0731974161662176,-0.0492852365288891
"453",1.00733714494729,0.154946009664673,1.98805078909624,0.736335572611516,-0.333736387849762,-0.204795075786545,1.26930215314733,-0.0098241965989853,-0.0731974161662176,-0.201824316752801
"454",-0.289243694731752,-0.225481133467245,2.42523326995491,1.02940251373749,-0.750450832726871,-0.256460196564836,0.595178008120356,-0.51215372159985,-0.0731974161662176,-0.201824316752801
"455",-0.721437307958099,0.173061587909049,2.14731012140904,0.829858998115264,-0.596924458298463,-0.359790438121417,0.717746034488897,-0.51215372159985,-0.0731974161662176,-0.201824316752801
"456",-0.721437307958099,0.716528935240362,0.767062574698084,0.0776404119514962,1.68403881892361,-0.170351661934351,0.227473929014731,-0.735411288266901,-0.0731974161662176,-0.201824316752801
"457",-1.15363092118445,0.173061587909049,2.14731012140904,0.829858998115264,-0.596924458298463,-0.394233851973611,0.90159807404171,-0.735411288266901,-0.0731974161662176,-0.201824316752801
"458",-1.58582453441079,0.191177166153428,1.25733149966103,0.354582624542337,-0.267939370237587,0.174082476587587,0.350041955383272,-0.0098241965989853,-0.0731974161662176,1.09813540400196
"459",1.43953075817363,0.55348873104097,1.8771938028785,0.673852249537891,-0.136345335013237,0.00186540732661784,1.20801813996306,0.49250532840188,-0.0731974161662176,-0.149668833092308
"460",1.00733714494729,0.173061587909049,2.54389708618798,1.09309519145125,-0.289871709441646,-0.583672628160677,1.69829024543723,2.22275147007152,-0.0731974161662176,-0.171347919674079
"461",-1.15363092118445,0.55348873104097,1.8771938028785,0.673852249537891,-0.136345335013237,0.00186540732661784,1.20801813996306,0.49250532840188,-0.0731974161662176,-0.201824316752801
"462",1.43953075817363,0.55348873104097,1.8771938028785,0.673852249537891,-0.136345335013237,0.00186540732661784,1.20801813996306,0.49250532840188,-0.0731974161662176,-0.201824316752801
"463",-1.58582453441079,0.0643681184427876,2.58293123626465,1.11728228425394,-0.421465744665996,-0.755889697421647,1.94342629817431,1.99949390340447,-0.0731974161662176,-0.143542134710503
"464",0.575143531720941,-2.81600882241317,-1.66242292607369,-2.14354094376252,-1.56194738327703,-2.46083868310524,2.31113037727994,1.27390681173656,-0.0731974161662176,-0.117150203219651
"465",0.575143531720941,-2.81600882241317,-1.66242292607369,-2.14354094376252,-1.56194738327703,-2.37473014847476,2.00471031135858,0.771577286735693,-0.0731974161662176,-0.168206023068025
"466",-1.15363092118445,-2.01892337966058,-1.67491385409822,-2.14716900768293,-1.58387972248109,-2.46083868310524,0.90159807404171,-1.74007033826863,-0.0731974161662176,-0.0943714528257611
"467",0.575143531720941,-0.624023854843541,-1.49535676374555,-2.06009547359323,-0.421465744665996,-1.49642309524381,0.0436218894619183,0.994834853402744,-0.0731974161662176,-0.151868160716546
"468",-0.721437307958099,-0.0805565075122286,-1.44227031964129,-2.04316450863135,-0.377601066257879,-1.32420602598285,-0.201514163275165,0.771577286735693,-0.0731974161662176,-0.114636685934808
"469",0.575143531720941,0.118714853175918,-1.40948163357689,-2.03348967151027,-0.114412995809179,-0.96255018053481,-1.05949034785496,-0.233081763266036,-0.0731974161662176,-0.0979846339227229
"470",0.575143531720941,0.0643681184427876,-1.50316359376089,-2.10564783170497,0.719015893945039,-0.893663352830422,-0.691786268749331,3.0041529534062,-0.0731974161662176,0.758496380887542
"471",0.142949918494594,0.0643681184427876,-1.50316359376089,-2.10564783170497,0.719015893945039,-0.222016782712642,-1.05949034785496,0.994834853402744,-0.0731974161662176,-0.201824316752801
"472",-0.289243694731752,-0.189249976978493,-1.33453606542968,-1.91174797107005,-0.728518493522813,-0.153129955008254,-0.262798176459436,-0.0098241965989853,-0.0731974161662176,0.402676590251949
"473",1.43953075817363,-0.44286807239977,-0.229088935258466,-1.28570538569366,-0.947841885563396,-0.79033311127384,2.12727833772713,-0.0098241965989853,-0.0731974161662176,-0.171347919674079
"474",1.87172437139998,-0.0262097727790979,-0.777128402334875,-1.1905694873364,0.0829780570273466,0.966280995188046,0.350041955383272,-0.51215372159985,-0.0731974161662176,0.902866529935713
"475",-0.289243694731752,0.426679683330329,-0.110425119025398,-0.932170712560958,0.390030805884164,1.29349342678389,-0.56921824238079,-0.735411288266901,-0.0731974161662176,-0.0434727278076896
"476",-1.15363092118445,0.55348873104097,0.16905939552354,-0.797126111079253,1.96915922857637,0.656290270518301,-0.262798176459436,3.0041529534062,-0.0731974161662176,-0.151711065886243
"477",-0.289243694731752,0.517257574552215,-0.399277829592736,-0.616529151485808,0.192639753047638,1.43126708219266,-0.998206334670686,-1.51681277160158,-0.0731974161662176,-0.174175626619527
"478",-0.289243694731752,0.55348873104097,-0.149459269102065,-0.502043578886392,1.24539203484244,1.2418283060056,0.0436218894619183,-0.0098241965989853,-0.0731974161662176,-0.0862025216500212
"479",1.00733714494729,0.55348873104097,-0.149459269102065,-0.502043578886392,1.24539203484244,-0.118686541156061,2.31113037727994,0.269247761734828,-0.0731974161662176,-0.167106359255906
"480",1.00733714494729,-0.261712289956,-0.108863753022331,-0.468987885389377,-0.574992119094404,0.639068563592205,0.779030047673168,0.49250532840188,-0.0731974161662176,4.17373799166802
"481",1.87172437139998,0.462910839819084,0.0550796772996719,0.0486159005882638,0.104910396231405,1.94791828997557,-1.1820583742235,0.269247761734828,-0.0731974161662176,-0.158623238419561
"482",-0.289243694731752,0.462910839819084,0.0550796772996719,0.0486159005882638,0.104910396231405,1.94791828997557,-1.36591041377631,0.49250532840188,-0.0731974161662176,-0.201824316752801
"483",-0.721437307958099,0.770875669973495,0.303336871787276,0.157860936413763,1.11379799961809,0.776842219000979,-0.262798176459436,0.994834853402744,-0.0731974161662176,-0.181559083643754
"484",1.43953075817363,0.770875669973495,0.303336871787276,0.157860936413763,1.11379799961809,2.08569194538435,-1.05949034785496,0.771577286735693,-0.0731974161662176,-0.201824316752801
"485",-1.15363092118445,0.770875669973495,0.303336871787276,0.157860936413763,1.11379799961809,2.44734779083238,-1.1820583742235,-0.0098241965989853,-0.0731974161662176,0.213377319737208
"486",-1.15363092118445,0.788991248217871,0.384527903946744,0.194947812044559,2.69292642231029,2.01680511767996,-0.998206334670686,-0.233081763266036,-0.0731974161662176,-0.169305686880144
"487",0.142949918494594,0.807106826462247,0.475087132124612,0.233244042315491,1.90336221096419,0.897394167483658,-0.0789461369066233,1.27390681173656,-0.0731974161662176,-0.170405350692263
"488",0.142949918494594,0.807106826462247,0.475087132124612,0.233244042315491,1.90336221096419,1.29349342678389,-0.630502255565061,-0.233081763266036,-0.0731974161662176,0.0558112049436103
"489",-0.289243694731752,0.807106826462247,0.475087132124612,0.233244042315491,1.90336221096419,0.0879739419571025,1.63700623225296,1.99949390340447,-0.0731974161662176,0.53180854076076
"490",-0.289243694731752,0.807106826462247,0.475087132124612,0.233244042315491,1.90336221096419,0.294634425070266,0.840314060857439,-1.51681277160158,-0.0731974161662176,-0.201824316752801
"491",-0.289243694731752,0.807106826462247,0.475087132124612,0.233244042315491,1.90336221096419,1.68959268608412,-0.691786268749331,-0.0098241965989853,-0.0731974161662176,-0.201824316752801
"492",-0.289243694731752,0.933915874172887,0.642153294452748,0.307014675363706,1.04800098200591,2.3267958423497,-1.42719442696058,0.269247761734828,-0.0731974161662176,-0.201824316752801
"493",-1.58582453441079,0.952031452417266,0.73583525463675,0.345310905634638,0.499692501904456,2.3267958423497,-1.05949034785496,-1.01448324660071,-0.0731974161662176,-0.201824316752801
"494",-1.58582453441079,0.952031452417266,0.73583525463675,0.345310905634638,0.499692501904456,1.48293220297095,-0.936922321486415,0.269247761734828,-0.0731974161662176,0.478710488118451
"495",0.575143531720941,0.970147030661642,0.829517214820751,0.383204017692191,1.09186566041403,2.05124853153215,-0.875638308302144,0.49250532840188,-0.0731974161662176,-0.0668798575227904
"496",0.575143531720941,1.0063781871504,1.00907430517342,0.458990241807297,1.70597115812767,0.862950753631464,-0.140230150090894,-1.01448324660071,-0.0731974161662176,-0.201824316752801
"497",-0.289243694731752,1.0063781871504,1.00907430517342,0.458990241807297,1.70597115812767,2.3612392562019,-1.12077436103923,-0.51215372159985,-0.0731974161662176,-0.158309048758956
"498",-0.721437307958099,0.988262608906018,1.09651080134516,0.49688335386485,1.15766267802621,2.30957413542361,-1.05949034785496,-1.01448324660071,-0.0731974161662176,0.0287908941315477
"499",0.575143531720941,0.988262608906018,1.09651080134516,0.49688335386485,1.15766267802621,2.48179120468457,-1.12077436103923,-0.735411288266901,-0.0731974161662176,0.435038125294303
"500",1.00733714494729,0.988262608906018,1.09651080134516,0.49688335386485,1.15766267802621,1.44848878911876,1.14673412677879,0.49250532840188,21.5514106740821,-0.0318477103652905
"501",1.43953075817363,0.988262608906018,1.09651080134516,0.49688335386485,1.15766267802621,0.466851494331235,1.26930215314733,0.49250532840188,2.62987859511482,-0.201824316752801
"502",1.00733714494729,0.988262608906018,1.09651080134516,0.49688335386485,1.15766267802621,0.466851494331235,1.26930215314733,0.49250532840188,2.62987859511482,-0.201824316752801
"503",-0.289243694731752,0.988262608906018,1.09651080134516,0.49688335386485,1.15766267802621,0.311856131996363,1.51443820588442,0.49250532840188,1.2783405894743,-0.201824316752801
"504",-1.15363092118445,0.698413356995986,0.445421178066345,0.569041514059553,2.40780601265753,1.7757012207146,-0.875638308302144,0.49250532840188,-0.0731974161662176,-0.171190824843776
"505",-0.289243694731752,0.698413356995986,0.445421178066345,0.569041514059553,2.40780601265753,1.72403609993631,-0.936922321486415,0.49250532840188,-0.0731974161662176,0.577208946718238
"506",-1.58582453441079,0.0643681184427876,0.817026286796218,0.791965886057711,0.236504431455755,1.34515854756218,-0.56921824238079,-1.23774081326777,-0.0731974161662176,-0.110709315177241
"507",-1.58582453441079,0.0643681184427876,0.874796828909686,0.825021579554726,-0.421465744665996,-0.0670214203777696,1.7595742586215,2.50182342840534,-0.0731974161662176,-0.201824316752801
"508",-1.15363092118445,0.0643681184427876,0.874796828909686,0.825021579554726,-0.421465744665996,1.2073848921534,-0.201514163275165,-0.233081763266036,-0.0731974161662176,-0.201824316752801
"509",-1.58582453441079,0.0643681184427876,0.874796828909686,0.825021579554726,-0.421465744665996,1.2073848921534,-0.201514163275165,-0.233081763266036,-0.0731974161662176,-0.201824316752801
"510",0.142949918494594,0.0643681184427876,0.874796828909686,0.825021579554726,-0.421465744665996,0.380742959700751,1.63700623225296,1.99949390340447,4.6571856035756,-0.167734738577117
"511",0.575143531720941,0.0643681184427876,0.874796828909686,0.825021579554726,-0.421465744665996,-0.118686541156061,1.08545011359452,0.771577286735693,-0.0731974161662176,-0.195069239049785
"512",1.43953075817363,-1.63849623652866,-0.84582850646981,0.47430873391567,-1.56194738327703,1.53459732374924,-0.56921824238079,-0.735411288266901,-0.0731974161662176,-0.201824316752801
"513",-0.289243694731752,-1.63849623652866,-0.84582850646981,0.47430873391567,-1.56194738327703,1.53459732374924,-0.753070281933602,-0.735411288266901,-0.0731974161662176,-0.100655246037869
"514",-1.15363092118445,-1.63849623652866,-0.84582850646981,0.47430873391567,-1.56194738327703,0.518516615109526,1.63700623225296,0.994834853402744,-0.0731974161662176,0.651043516960502
"515",1.00733714494729,-1.63849623652866,-0.84582850646981,0.47430873391567,-1.56194738327703,0.397964666626847,1.57572221906869,1.49716437840361,-0.0731974161662176,-0.0265064861349991
"516",-1.58582453441079,0.68029777875161,0.548471334268747,0.269121563306153,0.499692501904456,1.15571977137511,-0.140230150090894,-0.0098241965989853,-0.0731974161662176,-0.201824316752801
"517",0.575143531720941,-2.01892337966058,-1.68428205011662,-1.77871896065523,-1.7374060969095,-1.22087578442626,-0.814354295117873,0.269247761734828,-0.0731974161662176,-0.201824316752801
